"asile","Rack number","key","en","te","hi","keywords"
"1","1","24-mantra-garam-masala","Garam Masala","గరమ్ మసాలా","गरम मसाला","['garam masala', 'గరమ్ మసాలా', 'गरम मसाला']"
"1","2","24-mantra-organic-basmati-brown-rice-10-lb","24 Mantra Organic Basmati Brown Rice 10 lb","24 మంత్ర ఆర్గానిక్ బాస్మతి బ్రౌన్ రైస్ 10 లీబర్స్","24 मंत्र ऑर्गेनिक बासमती ब्राउन राइस 10 पाउंड","basmati brown rice, 24 mantra, organic"
"1","3","24-mantra-organic-coconut-sugar-500-gms","24 Mantra Organic Coconut Sugar 500 gms","24 మంత్ర ఆర్గానిక్ కొబ్బరి చక్కెర 500 గ్రా","24 मंत्र ऑर्गेनिक कोकोनट शुगर 500 ग्राम","coconut sugar, 24 mantra, organic"
"1","4","24-mantra-organic-gongura-pickle-with-garlic-300-gms","24 Mantra Organic Gongura Pickle with Garlic 300 gms","24 మంత్ర ఆర్గానిక్ గోంగూర పచ్చడి గార్లిక్‌తో 300 గ్రా","24 मंत्र ऑर्गेनिक गोंगूरा अचार गार्लिक के साथ 300 ग्राम","gongura pickle, garlic, 24 mantra, organic"
"1","5","24-mantra-organic-multigrain-atta-4-kg","24 Mantra Organic Multigrain Atta 4 kg","24 మంత్ర ఆర్గానిక్ మల్టీ గ్రేన్ అట్టా 4 కిలోగ్రాములు","24 मंत्र ऑर्गेनिक मल्टीग्रेन आटा 4 किलोग्राम","multigrain atta, 24 mantra, organic"
"1","6","24-mantra-organic-ponni-paraboiled-rice","24 Mantra Organic Ponni Paraboiled Rice","24 మంత్ర ఆర్గానిక్ పొన్ని పారాబైల్ రైస్","24 मंत्र ऑर्गेनिक पोन्नी पैराबॉयल्ड राइस","ponni paraboiled rice, 24 mantra, organic"
"1","7","24-mantra-organic-ponni-raw-rice-10-lb","24 Mantra Organic Ponni Raw Rice 10 lb","24 మంత్ర ఆర్గానిక్ పొన్ని రావ్ బీరు 10 లీబర్స్","24 मंत्र ऑर्गेनिक पोन्नी रॉ राइस 10 पाउंड","['ponni rice', 'raw rice', '24 mantra', 'organic']"
"1","8","24-mantra-organic-sona-masuri-rice-10-lb","24 Mantra Organic Sona Masuri Rice 10 lb","24 మంత్ర ఆర్గానిక్ సోనా మసూరి బీరు 10 లీబర్స్","24 मंत्र ऑर्गेनिक सोना मसूरी राइस 10 पाउंड","['sona masuri rice', '24 mantra', 'organic']"
"1","9","24-mantra-tomato-pickle","24 Mantra Tomato Pickle","24 మంత్ర తమలపాకు పచ్చడి","24 मंत्र टमाटर अचार","['tomato pickle', '24 mantra']"
"1","10","24-mantra-urad-whole","24 Mantra Urad Whole","24 మంత్ర ఉరద్ పూర్తి","24 मंत्र उरद पूरी","['urad whole', '24 mantra']"
"1","11","50-50-maska-chaska","50-50 Maska Chaska","50-50 మస్కా చాస్కా","50-50 मस्का चास्का","['masala', 'spice blend', '50-50']"
"1","12","aachi-garlic-pickle","Aachi Garlic Pickle","ఆచ్చి వెల్లుల్లి పచ్చడి","आची लहसुन की अचार","['garlic pickle', 'aachi pickle', 'velulli pacchadi']"
"1","13","aachi-ginger-pickle","Aachi Ginger Pickle","ఆచ్చి ఆదుకూర పచ్చడి","आची अदरक की अचार","['ginger pickle', 'aachi pickle', 'adukura pacchadi']"
"1","14","aachi-idiyappam-powder","Aachi Idiyappam Powder","ఆచ్చి ఇడియప్పం పావురు","आची इडियप्पम पाउडर","['idiyappam powder', 'aachi idiyappam', 'idippam powder']"
"1","15","aachi-kadai-chicken-masala","Aachi Kadai Chicken Masala","ఆచ్చి కడాయి చికెన్ మసాలా","आची कढाई चिकन मसाला","['kadai chicken masala', 'aachi chicken masala', 'chicken masala']"
"1","16","aachi-mutton-curry-masala","Aachi Mutton Curry Masala","ఆచ్చి మేక కూర మసాలా","आची मटन करी मसाला","['mutton curry masala', 'aachi mutton masala', 'mutton masala']"
"1","17","aachi-puttu-powder","Aachi Puttu Powder","ఆచ్చి పుట్టు పొడి","आची पुट्टू पाउडर","puttu powder, aachi puttu powder"
"1","18","aachi-rasam-powder","Aachi Rasam Powder","ఆచ్చి రసం పొడి","आची रसम पाउडर","rasam powder, aachi rasam powder"
"1","19","aahu-barah","Aahu Barah","ఆహు బరాహ్","आहू बराह","aahu barah, barah"
"1","20","aara-brown-sugar","Aara Brown Sugar","ఆరా బ్రౌన్ శర్కర","आरा ब्राउन शुगर","brown sugar, aara brown sugar"
"1","21","aas-pas-panmasala","Aas Pas Panmasala","ఆస్ పాస్ పన్మసాల","आस पास पनमसाला","panmasala, aas pas panmasala"
"1","22","aashirvaad","Aashirvaad","ఆశిర్వాద్","आशीर्वाद","['aashirvaad', 'atta']"
"1","23","aashirvaad-20-lbs","Aashirvaad 20 lbs","ఆశిర్వాద్ 20 లీబుల్స్","आशीर्वाद 20 पाउंड","['aashirvaad', '20 lbs', 'atta']"
"1","24","aashirvaad-multigrain-atta","Aashirvaad Multigrain Atta","ఆశిర్వాద్ మల్టీ గ్రేన్ అట్ట","आशीर्वाद मल्टीग्रेन आटा","['aashirvaad', 'multigrain', 'atta']"
"1","25","aashirvad-multigrain-atta-10-lbs","Aashirvad Multigrain Atta 10 lbs","ఆశిర్వాద్ మల్టీ గ్రేన్ అట్ట 10 లీబుల్స్","आशीर्वाद मल्टीग्रेन आटा 10 पाउंड","['aashirvad', 'multigrain', '10 lbs', 'atta']"
"1","26","aashirvad-select-sharbati-atta-whole-wheat-10-lbs","Aashirvad Select Sharbati Atta Whole Wheat 10 lbs","ఆశిర్వాద్ సెలెక్ట్ షర్బతి అట్ట వ్హోల్ వీట్ 10 లీబుల్స్","आशीर्वाद सेलेक्ट शरबती आटा व्होल व्हीट 10 पाउंड","['aashirvad', 'select', 'sharbati', 'atta', 'whole wheat', '10 lbs']"
"1","27","aashirvad-sharbati-whole-wheat-atta","Aashirvad Sharbati Whole Wheat Atta","ఆశిర్వాద్ శర్బతి వెల్లుల్లి రొట్టె మిఠ్తా","आशीर्वाद शर्बती गेहूं का आटा","['whole wheat atta', 'ashirvad sharbati']"
"1","28","aata","Aata","ఆటా","आटा","['atta', 'wheat flour']"
"1","29","ab-mathura-peda","AB Mathura Peda","ఎబి మధుర పెడ","एबी मथुरा पेड़ा","['mathura peda', 'milk sweets']"
"1","30","achari-chicken","Achari Chicken","అచారి చికెన్","अचारी चिकन","['achari chicken', 'spicy chicken']"
"2","1","achi-pav-bhaji","Achi Pav Bhaji","అచ్చి పావ్ భజీ","अच्ची पाव भजी","['pav bhaji', 'mumbai street food']"
"2","2","advil-200-mg-2-tablets","Advil 200 mg 2 Tablets","అడ్విల్ 200 ఎంజీ 2 టేబులెట్లు","अडविल 200 एमजी 2 टैबलेट","['Advil', 'Pain Reliever']"
"2","3","agar-agar","Agar Agar","అగర్ అగర్","अगर-अगार","['Agar Agar', 'Vegetable Gelatin']"
"2","4","agar-agar-china-grass","Agar Agar China Grass","అగర్ అగర్ చైనా గ్రాస్","अगर-अगार चीना घास","['Agar Agar', 'China Grass']"
"2","5","aged-basmati-rice-10-lb","Aged Basmati Rice 10 lb","పాత బాస్మతి బియ్యం 10 లీబర్లు","पुराना बासमती चावल 10 पाउंड","['Basmati Rice', 'Aged Rice']"
"2","6","ajma-dates","Ajma Dates","అజ్మా దాతువులు","अज्मा की तारीखें","['Ajma Dates', 'Medjool Dates']"
"2","7","ajwain","Ajwain","అజ్వైన్","अजवाइन","['ajwain', 'carom seeds']"
"2","8","ajwain-paratha","Ajwain Paratha","అజ్వైన్ పరాఠా","अजवाइन पराठा","['ajwain paratha', 'carom seeds flatbread']"
"2","9","ajwain-paratha-deep","Deep Ajwain Paratha","డీప్ అజ్వైన్ పరాఠా","डीप अजवाइन पराठा","['deep ajwain paratha', 'deep carom seeds flatbread']"
"2","10","ajwain-salted-biscuits","Ajwain Salted Biscuits","అజ్వైన్ సల్టెడ్ బిస్కట్స్","अजवाइन नमकीन बिस्कुट","['ajwain biscuits', 'carom seeds biscuits', 'salted biscuits']"
"2","11","ajwain-seeds","Ajwain Seeds","అజ్వైన్ బీజాలు","अजवाइन के बीज","['ajwain seeds', 'carom seeds']"
"2","12","aleve-1-caplet","Aleve 1 Caplet","ఏలివ్ 1 క్యాప్లెట్","एलीवे 1 कैपलेट","['Aleve', 'Pain Reliever']"
"2","13","allegro-olive","Allegro Olive Oil","అలెగ్రో ఆలివ్ ఆయిల్","अलेग्रो ऑलिव ऑयल","['Allegro', 'Olive Oil']"
"2","14","almond","Almond","ఆల్మండ్","बादाम","['Almond', 'Badaam']"
"2","15","almonds","Almonds","ఆల్మండ్స్","बादाम","['Almonds', 'Badaam']"
"2","16","alomand","Almond","అల్మండ్","बादाम","['almond', 'badam']"
"2","17","aloo-achari","Aloo Achari","ఆలూ అచారీ","आलू अचारी","['Aloo', 'Achari']"
"2","18","aloo-bghujhi","Potato Cauliflower","బఠాని కాల్ఫ్లవర్","आलू कालफ्लावर","['potato cauliflower', 'aloo bghujhi']"
"2","19","aloo-gobhi","Potato Gobhi","బఠాని గోభి","आलू गोबी","['potato gobhi', 'aloo gobhi']"
"2","20","aloo-paratha","Potato Paratha","బఠాని పరాతా","आलू पराठा","['potato paratha', 'aloo paratha']"
"2","21","aloo-paratha-bulk","Bulk Potato Paratha","బఠాని పరాతా బల్క్","आलू पराठा बुल्क","['bulk potato paratha', 'aloo paratha bulk']"
"2","22","aloo-pyaz-paratha","Potato Onion Paratha","బఠాని ప్యాజ్ పరాతా","आलू प्याज पराठा","['potato onion paratha', 'aloo pyaz paratha']"
"2","23","alphanjo-mango","Alphonso Mango","అల్ఫోన్సో మాంగో","अल्फोंसो आम","['Alphonso Mango', 'Alphonso Mango Fruit']"
"2","24","alphanso-mango-icecream","Alphonso Mango Ice Cream","అల్ఫోన్సో మాంగో ఐస్ క్రీం","अल्फोंसो आम आइसक्रीम","['Alphonso Mango Ice Cream', 'Alphonso Mango Dessert']"
"2","25","alphonso-cup","Alphonso Cup","అల్ఫోన్సో కప్","अल्फोंसो कप","['Alphonso Cup', 'Alphonso Container']"
"2","26","alphonso-mango","Alphonso Mango","అల్ఫోన్సో మాంగో","अल्फोंसो मैंगो","Alphonso Mango, Mango, Fruit"
"2","27","alphonso-mango-pulp","Alphonso Mango Pulp","అల్ఫోన్సో మాంగో పల్ప్","अल्फोंसो आम पल्प","['Alphonso Mango Pulp', 'Alphonso Mango Juice Concentrate']"
"2","28","alsafa-chicken-nuggets","Al Safa Chicken Nuggets","అల్ సఫా చికెన్ నగెట్స్","अल साफ़ा चिकन नगेट्स","Chicken Nuggets, Chicken, Snack"
"2","29","alsafa-chicken-patties","Al Safa Chicken Patties","అల్ సఫా చికెన్ పట్టీస్","अल साफ़ा चिकन पेट्टीज़","Chicken Patties, Chicken, Snack"
"2","30","alsi","Asafoetida","అసాఫోటీడా","असाफ़ेटिडा","Asafoetida, Hing, Spice"
"3","1","aluminum-wok-kahari","Aluminum Wok Kahari","అల్యూమినియం వాక్ కహరీ","अल्यूमिनियम वॉक काहारी","Aluminum Wok, Wok, Cookware"
"3","2","amla-muraba","Amla Muraba","ఆమ్లా మురబా","आमला मुरब्बा","['amla muraba', 'amla preserve', 'indian jam']"
"3","3","ammas","Amma's","అమ్మాస్","अम्मास","[""amma's"", ""amma's products"", 'indian grocery']"
"3","4","ammas-iyer-mixture","Amma's Iyer Mixture","అమ్మాస్ ఐయర్ మిశ్రమం","अम्मास आयर मिश्रण","[""amma's iyer mixture"", 'indian spice blend', 'south indian mix']"
"3","5","amrutanjan","Amrutanjan","అమృతాన్జన్","अमृतान्जन","['amrutanjan', 'indian medicine', 'ayurvedic products']"
"3","6","amul","Amul Product","అముల్ ఉత్పత్తి","अमूल उत्पाद","['amul', 'product']"
"3","7","amul-badam-6pack","Amul Badam 6 Pack","అముల్ బాదం 6 ప్యాక్","अमूल बादाम 6 पैक","['amul badam', 'almond 6 pack', 'indian snacks']"
"3","8","amul-butter","Amul Butter","అముల్ బట్టర్","अमूल बटर","['amul', 'butter']"
"3","9","amul-butter-salted","Amul Salted Butter","అముల్ సల్టెడ్ బట్టర్","अमूल नमकीन बटर","['amul', 'salted', 'butter']"
"3","10","amul-butter-unsalted","Amul Unsalted Butter","అముల్ అన్‌సల్టెడ్ బట్టర్","अमूल नमकीन रहित बटर","['amul', 'unsalted', 'butter']"
"3","11","amul-cheese","Amul Cheese","అముల్ చీజ్","अमूल चीज़","['amul', 'cheese']"
"3","12","amul-cheese-block","Amul Cheese Block","అముల్ చీజ్ బ్లాక్","अमूल चीज़ ब्लॉक","['amul', 'cheese', 'block']"
"3","13","amul-cheese-chiplet","Amul Cheese Chiplet","అముల్ చీజ్ చిప్లెట్","अमूल चीज़ चिपलेट","['amul', 'cheese', 'chiplet']"
"3","14","amul-cheese-slices","Amul Cheese Slices","అముల్ చీజ్ స్లైస్","अमूल चीज़ स्लाइस","['amul', 'cheese', 'slices']"
"3","15","amul-dry-fruit","Amul Dry Fruit","అముల్ ద్రవ్య పండ్లు","अमूल सूखे फल","['amul', 'dry', 'fruit']"
"3","16","amul-malai-paneer-1-kg","Amul Malai Paneer 1 kg","అముల్ మలై పానీర్ 1 కిలో","अमूल मलाई पनीर 1 किलो","['amul', 'malai', 'paneer']"
"3","17","amul-masti","Amul Masti","అముల్ మాస్టీ","अमूल मस्ती","['amul', 'masti']"
"3","18","amul-paneer","Amul Paneer","అముల్ పానీర్","अमूल पनीर","['paneer', 'amul', 'paneer cheese']"
"3","19","amul-pure-ghee","Amul Pure Ghee","అముల్ పూర్ గ్హీ","अमूल पूरा घी","['ghee', 'pure ghee', 'amul']"
"3","20","amul-shrikhand-mango","Amul Shrikhand Mango","అముల్ శ్రీఖండ్ మెంగో","अमूल श्रीखंड मैंगो","['shrikhand', 'mango', 'amul']"
"3","21","amul-shrikhand-saffron","Amul Shrikhand Saffron","అముల్ శ్రీఖండ్ కెసర","अमूल श्रीखंड केसर","['shrikhand', 'saffron', 'kesar', 'amul']"
"3","22","amul-shrikhand-saffron-1","Amul Shrikhand Saffron","అముల్ శ్రీఖండ్ కెసర","अमूल श्रीखंड केसर","['shrikhand', 'saffron', 'kesar', 'amul']"
"3","23","anand-banana-chips-salted-400g","Anand Banana Chips Salted 400g","అనంద బ్యానానా చిప్స్ సల్టెడ్ 400గ్రా","अनंद बैनाना चिप्स नमकीन 400ग्राम","['anand', 'banana', 'chips', 'salted']"
"3","24","anand-bhog-andhra-murruku-5-99oz","Anand Bhog Andhra Murruku 5.99oz","అనంద భోగ్ ఆంధ్ర మురుకు 5.99ఔన్స్","अनंद भोग आंध्रा मुरुकु 5.99ऑन्स","['anand', 'bhog', 'andhra', 'murruku']"
"3","25","anand-bhog-chennai-murukku-200g","Anand Bhog Chennai Murukku 200g","అనంద భోగ్ చెన్నై మురుక్కు 200గ్రా","अनंद भोग चेन्नई मुरुकु 200ग्राम","['anand', 'bhog', 'chennai', 'murukku']"
"3","26","anand-bhogh-banana-chips-300-gm-s-snacks","Anand Bhogh Banana Chips 300gm S Snacks","అనంద భోఘ్ బ్యానానా చిప్స్ 300గ్రా ఎస్ స్నాక్స్","अनंद भोग बैनाना चिप्स 300ग्राम एस स्नैक्स","['anand', 'bhogh', 'banana', 'chips', 'snacks']"
"3","27","anand-bhogh-dry-mix-sweets","Anand Bhogh Dry Mix Sweets","అనంద్ భోగ్ ద్రియ్ మిక్స్ స్వీట్స్","अनंद भोग ड्राई मिक्स स्वीट्स","anand bhogh dry mix sweets"
"3","28","anand-bhogh-lightly-salted-banana-chips-300g","Anand Bhogh Lightly Salted Banana Chips 300g","అనంద్ భోగ్ లైట్లీ సాల్టెడ్ బ్యానానా చిప్స్ 300గ్","अनंद भोग लाइटली साल्टेड बैनाना चिप्स 300ग्राम","anand bhogh banana chips lightly salted"
"3","29","anand-bhogh-spicy-chakri-200g","Anand Bhogh Spicy Chakri 200g","అనంద్ భోగ్ స్పైసీ చక్రి 200గ్","अनंद भोग स्पाइसी चक्री 200ग्राम","anand bhogh spicy chakri"
"3","30","anand-bhogh-thenkulai-200g","Anand Bhogh Thenkulai 200g","అనంద్ భోగ్ తెంకులై 200గ్","अनंद भोग ठेंकुलाई 200ग्राम","anand bhogh thenkulai"
"4","1","anand-bhujia","Anand Bhujia","అనంద్ భూజియా","अनंद भूजिया","anand bhujia"
"4","2","anand-bitter-gourd-chips","Anand Bitter Gourd Chips","అనంద కాకార చిప్స్","अनंद बिटर गourd चिप्स","['bitter gourd chips', 'anand', 'snacks']"
"4","3","anand-bombay-mixture-400g","Anand Bombay Mixture 400g","అనంద బాంబే మిశ్రమం 400గ్రా","अनंद बॉम्बे मिश्रण 400ग्रा","['bombay mixture', 'anand', 'snacks']"
"4","4","anand-boondi-masala","Anand Boondi Masala","అనంద బూంది మసాలా","अनंद बूंदी मसाला","['boondi masala', 'anand', 'spices']"
"4","5","anand-curd-chilli","Anand Curd Chilli","అనంద పాల చిల్లి","अनंद दही चिल्ली","['curd chilli', 'anand', 'chutneys']"
"4","6","anand-dry-whole-chilli-wrinkled","Anand Dry Whole Chilli Wrinkled","అనంద ద్రవ్య పూర్తి చిల్లి కుంటలు","अनंद सूखा पूरा चिल्ली कुंटल","['dry whole chilli', 'wrinkled chilli', 'anand', 'spices']"
"4","7","anand-frynus-bhindi-cut","Anand Frynus Bhindi Cut","అనంద్ ఫ్రైనస్ భిండి కట్","अनंद फ्रायनस भिंडी कट","bhindi, cut, frynus"
"4","8","anand-fryums-star-color","Anand Fryums Star Color","అనంద్ ఫ్రైమ్స్ స్టార్ కలర్","अनंद फ्राईम्स स्टार कलर","fryums, star, color"
"4","9","anand-instant-rava-dosa-mix","Anand Instant Rava Dosa Mix","అనంద్ ఇన్‌స్టంట్ రవ దోస మిక్స్","अनंद इंस्टेंट रवा डोसा मिक्स","rava, dosa, mix"
"4","10","anand-kachori","Anand Kachori","అనంద్ కచోరి","अनंद कचोरी","kachori"
"4","11","anand-kerala-mixture","Anand Kerala Mixture","అనంద్ కేరళ మిక్స్చర్","अनंद केरला मिक्सचर","kerala, mixture"
"4","12","anand-muruku-mini","Anand Muruku Mini","249 అనంద మురుకు మీనీ","249 आनंद मुरुकु मिनी","['muruku', '249 anand', 'mini']"
"4","13","anand-nelakadale-laddu","Anand Nelakadale Laddu","ఆనంద్ నెలకడలే లడ్డు","आनंद नेलकडले लड्डू","['nelakadale laddu', 'anand laddu']"
"4","14","anand-nelakadle-chkki-bar","Anand Nelakadle Chikki Bar","ఆనంద్ నెలకడలే చిక్కీ బార్","आनंद नेलकडले चिक्की बार","['nelakadle chikki bar', 'anand chikki']"
"4","15","anand-pappadam","Anand Pappadam","ఆనంద్ పప్పడం","आनंद पपडम","['pappadam', 'anand pappadam']"
"4","16","anand-peanut-chikki","Anand Peanut Chikki","ఆనంద్ పెంట చిక్కీ","आनंद पीनट चिक्की","['peanut chikki', 'anand peanut chikki']"
"4","17","anand-potato-chips-masala","Anand Potato Chips Masala","ఆనంద్ పాలకూర చిప్స్ మసాలా","आनंद आलू चिप्स मसाला","['potato chips masala', 'anand potato chips']"
"4","18","anand-ragi-flour-regular","Anand Ragi Flour Regular","ఆనంద్ రాగి మిఠాయి పిండి","आनंद रागी आटा रेगुलर","['ragi flour', 'anand', 'regular']"
"4","19","anand-sandige-garlic","Anand Sandige Garlic","ఆనంద్ సందీగె గార్లిక్","आनंद संदिगे गार्लिक","['sandige', 'garlic', 'anand']"
"4","20","anand-sesame-chikki-bar","Anand Sesame Chikki Bar","ఆనంద్ తిల చిక్కీ బార్","आनंद तिला चिक्की बार","['sesame', 'chikki', 'bar', 'anand']"
"4","21","anand-sesame-laddu","Anand Sesame Laddu","ఆనంద్ తిల లడ్డు","आनंद तिला लड्डू","['sesame', 'laddu', 'anand']"
"4","22","anand-sev-laddu","Anand Sev Laddu","ఆనంద్ సేవ్ లడ్డు","आनंद सेव लड्डू","['sev', 'laddu', 'anand']"
"4","23","anand-spicy-mixture-hot","Anand Spicy Mixture Hot","అనంద్ స్పైసీ మిక్స్చర్ హాట్","अनंद स्पाइसी मिक्सचर हॉट","spicy mixture, hot, anand"
"4","24","anand-spicy-muruku","Anand Spicy Muruku","అనంద్ స్పైసీ మురుకు","अनंद स्पाइसी मुरुकू","['spicy muruku', 'anand muruku']"
"4","25","anar-dana","Anar Dana","అనార్ దానా","अनार दाना","anar, dana, pomegranate seeds"
"4","26","ani-rice-vermicelli","Ani Rice Vermicelli","అని రైస్ వర్మిసెలీ","अनि राइस वर्मिसेली","rice vermicelli, ani"
"4","27","anil-lemon-semia","Anil Lemon Semia","అనిల్ లీమన్ సెమియా","अनिल लेमन सेमिया","lemon semia, anil"
"4","28","anil-ragi-vermicelli","Anil Ragi Vermicelli","అనిల్ రాగి వర్మిసెలీ","अनिल रागी वर्मिसेली","ragi vermicelli, anil"
"4","29","anil-rice-sevai","Anil Rice Sevai","అనిల్ రైస్ సెవాయి","अनिल राइस सेवाई","rice sevai, anil rice sevai"
"4","30","anil-roasted-rava","Anil Roasted Rava","అనిల్ రోస్టెడ్ రవా","अनिल रोस्टेड रवा","roasted rava, anil roasted rava"
"5","1","anil-roasted-vermicelli","Anil Roasted Vermicelli","అనిల్ రోస్టెడ్ వర్మిసెలీ","अनिल रोस्टेड वर्मिसेली","roasted vermicelli, anil roasted vermicelli"
"5","2","anil-soya-bari","Anil Soya Bari","అనిల్ సోయా బారి","अनिल सोया बारी","soya bari, anil soya bari"
"5","3","anil-tamarind-semia","Anil Tamarind Semia","అనిల్ తమరింద్ సెమియా","अनिल तामरिंद सेमिया","tamarind semia, anil tamarind semia"
"5","4","anil-tamrind-semia","Anil Tamrind Semia","అనిల్ తమ్రింద్ సెమియా","अनिल टम्रिंद सेमिया","['tamrind', 'semia']"
"5","5","anil-wheat-vermicelli","Anil Wheat Vermicelli","అనిల్ వెట్టర్ వర్మిసెలీ","अनिल व्हीट वर्मिसेली","['wheat', 'vermicelli']"
"5","6","anjali-silvera-steel","Anjali Silvera Steel","అంజలి సిల్వరా స్టీల్","अंजलि सिल्वरा स्टील","['silvera', 'steel']"
"5","7","annapoorna-biryani","Annapoorna Biryani","అన్నపూర్ణ బిర్యానీ","अन्नपूर्ण बिरयानी","['biryani']"
"5","8","annapoorna-chicken-65","Annapoorna Chicken 65","అన్నపూర్ణ చికెన్ 65","अन्नपूर्ण चिकन 65","['chicken', '65']"
"5","9","araku-boomi-coffee","Araku Boomi Coffee","ఆరకు బూమి కాఫీ","आराकू बूमी कॉफी","['araku', 'boomi', 'coffee']"
"5","10","archi-puliyodhari-rice-powder","Archi Puliyodhari Rice Powder","అర్చి పులియోధరి బియ్యం పొడి","अर्चि पुलियोधरी चावल पाउडर","['archi', 'puliyodhari', 'rice', 'powder']"
"5","11","atta","Wheat Flour (Atta)","Godhumapindi (గోధుమపిండి)","Atta (आटा)","atta|flour|godhumapindi"
"5","12","atta-biscits","Atta Biscits","అట్ట బిస్కట్స్","अट्टा बिस्किट्स","['atta', 'biscits']"
"5","13","atta-multi-grains-flour","Atta Multi Grains Flour","అట్ట మల్టీ గ్రేన్స్ అట్ట","अट्टा मल्टी ग्रेन्स फ्लोर","['atta', 'multi', 'grains', 'flour']"
"5","14","atta-noodles","Atta Noodles","అట్ట నూడుల్స్","अट्टा नूडल्स","['atta', 'noodles']"
"5","15","ayur-anti-sun-tan-face-pack","Ayur Anti Sun Tan Face Pack","ఏయుర్ అంటీ సన్ టాన్ ఫేస్ పాక్","एयूर एंटी सन टैन फेस पैक","anti sun tan face pack, ayurvedic face pack"
"5","16","ayur-cucumber-face-pack-1","Ayur Cucumber Face Pack 1","ఏయుర్ కుకుమ్బర్ ఫేస్ పాక్ 1","एयूर कुकुम्बर फेस पैक 1","cucumber face pack, ayurvedic face pack"
"5","17","ayur-deep-cleaning","Ayur Deep Cleaning","ఏయుర్ డీప్ క్లీనింగ్","एयूर डीप क्लीनिंग","deep cleaning, ayurvedic cleaning"
"5","18","ayur-rose-face-pack","Ayur Rose Face Pack","ఏయుర్ రోజ్ ఫేస్ పాక్","एयूर रोज फेस पैक","rose face pack, ayurvedic face pack"
"5","19","ayur-shahi-ubtan-face-pack","Ayur Shahi Ubtan Face Pack","ఏయర్ షాహి ఉబ్తన్ ఫేస్ పాక్","अयुर शाही उब्तान फेस पैक","['Ayur Shahi Ubtan', 'Face Pack']"
"5","20","baba-120","Baba 120","బాబా 120","बाबा 120","baba 120, ayurvedic product"
"5","21","baby-mango","Baby Mango","బేబీ మాంగో","बेबी आम","['baby mango', 'mango']"
"5","22","badam-coconut","Badam Coconut","బాదం కొబ్బరి","बादाम नारियल","['badam coconut', 'almond coconut']"
"5","23","badam-drink","Badam Drink","బాదం డ్రింక్","बादाम ड्रिंक","['badam drink', 'almond milk']"
"5","24","badshah-chat-masala","Badshah Chat Masala","బాద్షా చాట్ మసాలా","बादशाह चाट मसाला","['chat masala', 'badshah chat masala']"
"5","25","bajji-masala-archi","Bajji Masala Archi","బజ్జి మసాలా అర్చి","बज्जी मसाला अर्ची","['bajji masala', 'fritter spice']"
"5","26","bajra-roti","Bajra Roti","బాజ్రా రొట్టి","बाजरा रोटी","['bajra roti', 'pearl millet roti']"
"5","27","bajri-khakhara","Bajri Khakhara","బజ్రి ఖఖరా","बाजरी खाखरा","['bajri khakhara', 'pearl millet biscuit']"
"5","28","bajriflour","Bajri Flour","బాజ్రీ ఫ్లౌర్","बाजरी आटा","['bajri flour', 'pearl millet flour']"
"5","29","bambino-roasted-vermicelli","Bambino Roasted Vermicelli","బాంబినో రోస్టెడ్ వెర్మిసెలీ","बाम्बिनो रोस्टेड वर्मिसेली","['bambino vermicelli', 'roasted vermicelli']"
"5","30","bambino-vermicelli","Bambino Vermicelli","బాంబినో వెర్మిసెలీ","बाम्बिनो वर्मिसेली","['bambino vermicelli', 'vermicelli']"
"6","1","banana","Banana","బనాన","बनाना","banana"
"6","2","banana-1","Banana","బనాన","बनाना","banana"
"6","3","banana-chips","Banana Chips","బనాన చిప్స్","बनाना चिप्स","banana, chips"
"6","4","banganaptlli","Bengal Gram Lentil","బెంగాల్ గ్రామ్ లెంటిల్","बंगाल ग्राम लेंटिल","['bengal gram lentil', 'chickpea lentil']"
"6","5","banne-butter-chicken-masala","Butter Chicken Masala","బట్టర్ చికెన్ మసాలా","बटर चिकन मसाला","['butter chicken masala', 'chicken curry']"
"6","6","banne-chicken-masala","Chicken Masala","చికెన్ మసాలా","चिकन मसाला","['chicken masala', 'chicken curry']"
"6","7","banne-haleem-masala","Haleem Masala","హలీం మసాలా","हलीम मसाला","['haleem masala', 'slow-cooked stew']"
"6","8","banne-mutton-biryani-masala","Mutton Biryani Masala","మేక బిర్యానీ మసాలా","मटन बिरयानी मसाला","['mutton biryani masala', 'mutton rice']"
"6","9","banne-nawab","Banne Nawab","బన్నే నవాబ్","बन्ने नवाब","['Banne Nawab', 'Indian Spice Mix']"
"6","10","banne-nawab-vegetable-khorma","Banne Nawab Vegetable Khorma","బన్నే నవాబ్ వెజిటబుల్ ఖోర్మా","बन्ने नवाब वेजिटेबल खोरमा","['Banne Nawab', 'Vegetable Khorma']"
"6","11","banne-nawabs-mutton-curry-masala","Banne Nawab's Mutton Curry Masala","బన్నే నవాబ్స్ మటన్ కరీ మసాలా","बन्ने नवाब्स के मटन करी मसाला","['Banne Nawab', 'Mutton Curry Masala']"
"6","12","bansi-chora-vadi","Bansi Chora Vadi","బాన్సీ చోర వాడి","बांसी चोरा वड़ी","['Bansi Chora Vadi', 'Indian Snack']"
"6","13","bansi-fry-me-wheel","Bansi Fry Me Wheel","బాంసి ఫ్రై మీ వీల్","बांसी फ्राई मी व्हील","['bansi', 'fry', 'me', 'wheel']"
"6","14","bansi-idli-rice-10-lb","Bansi Idli Rice 10 lb","బాన్సీ ఇడ్లీ బియ్యం 10 లీబర్స్","बांसी इडली चावल 10 पाउंड","['Bansi Idli Rice', 'Indian Rice']"
"6","15","bansi-kolhapuri-murmura","Bansi Kolhapuri Murmura","బాన్సి కోలాపూర్ ముర్ముర","बांसी कोल्हापुरी मुरमुरा","['kolhapuri murmura', 'bansi murmura']"
"6","16","bansi-moong-vadi","Bansi Moong Vadi","బాన్సి మొంగ్ వాడి","बांसी मूंग वड़ी","['moong vadi', 'bansi vadi']"
"6","17","bansi-murmura","Bansi Murmura","బాన్సి ముర్ముర","बांसी मुरमुरा","['bansi murmura', 'murmura']"
"6","18","bansi-phool-makhana","Bansi Phool Makhana","బాన్సి ఫూల్ మఖానా","बांसी फूल मखाना","['phool makhana', 'bansi makhana']"
"6","19","bansi-poha-thick-4lb","Bansi Poha Thick 4lb","బాన్సి పోహా బాగా బరువు 4 లీబర్లు","बांसी पोहा मोटा 4 पाउंड","['thick poha', 'bansi poha']"
"6","20","bansi-rajgira-ladoo","Bansi Rajgira Ladoo","బాన్సి రాజ్గిరా లాడూ","बांसी राजगीरा लड्डू","rajgira ladoo, bansi ladoo"
"6","21","bansi-sev-batata-puri-kit","Bansi Sev Batata Puri Kit","బాన్సి సేవ్ బటాటా పురి కిట్","बांसी सेव बटाटा पूरी किट","sev batata puri, bansi kit"
"6","22","bansi-sona-massori","Bansi Sona Massori","బాన్సి సోనా మసోరి","बांसी सोना मसूरी","sona massori, bansi massori"
"6","23","barars-paneer","Barar's Paneer","బారార్స్ పానీర్","बारार्स पनीर","paneer, barar's paneer"
"6","24","barley-flour","Barley Flour","బార్లీ ఫ్లౌర్","बार्ली फ्लोर","barley flour"
"6","25","barnyard-millet","Barnyard Millet","బార్న్యార్డ్ మిల్లెట్","बार्नयार्ड मिलेट","['barnyard millet', 'millets', 'healthy grains']"
"6","26","basmati-rice-10-lb","Basmati Rice (10 lbs)","బాస్మతి చారు","बासमती चावल","['basmati rice', 'long grain rice', 'indian rice']"
"6","27","basmati-rice-org","Organic Basmati Rice","ఆర్గెనిక్ బాస్మతి చారు","ऑर्गेनिक बासमती चावल","['organic basmati rice', 'basmati rice', 'organic rice']"
"6","28","batata-vada","Batata Vada","బటాటా వడ","बटाटा वड़ा","['batata vada', 'potato vada', 'indian street food']"
"6","29","bbq-sticks","BBQ Sticks","బిబీక్యూ స్టిక్స్","बीबीक्यू स्टिक्स","bbq sticks, barbecue sticks"
"6","30","beacon-sparklers-20-5-pcs","Beacon Sparklers 20/5 Pcs","బీకాన్ స్పార్క్లర్స్ 20/5 పీసీఎస్","बी कैन स्पार्कलर्स 20/5 पीसी","beacon sparklers, sparklers, fireworks"
"7","1","beater","Beater","బీటర్","बीटर","beater, electric beater"
"7","2","bedekar-golden-chiwda","Bedekar Golden Chiwda","బెడెకర్ గోల్డెన్ చివ్వడ","बेडेकार गोल्डन चिवड़ा","bedekar golden chiwda, chiwda"
"7","3","bedekar-green-chilli-pickle","Bedekar Green Chilli Pickle","బెడెకర్ పచ్చిమిరి ఆచార్","बेडेकार हरी मिर्च अचार","bedekar green chilli pickle, green chilli pickle"
"7","4","bedekar-mango-lime-pickle","Bedekar Mango Lime Pickle","బెడెకార్ మాంగో లైమ్ పిక్కిల్","बेडेकार मैंगो लाइम पिक्कल","mango lime pickle, bedekar pickle"
"7","5","bedekar-mixed-pickle","Bedekar Mixed Pickle","బెడెకార్ మిశ్రమ పిక్కిల్","बेडेकार मिश्रित पिक्कल","mixed pickle, bedekar pickle"
"7","6","bedekar-pickle","Bedekar Pickle","బెడెకార్ పిక్కిల్","बेडेकार पिक्कल","bedekar pickle"
"7","7","bedekar-spical-chawda","Bedekar Spical Chawda","బెడెకార్ స్పికల్ చావ్డా","बेडेकार स्पिकल चावड़ा","spical chawda, bedekar pickle"
"7","8","bellam","Jaggery","Bellam","Gud","jaggery|bellam|gud"
"7","9","bengali-sweets","Bengali Sweets","బెంగాలీ మీట్లు","बंगाली मिठाई","bengali sweets"
"7","10","ber","Ber","బెర్","बेर","['ber', 'berry']"
"7","11","berry-fantasy","Berry Fantasy","బెర్రీ ఫ్యాంటసీ","बेरी फैंटेसी","['berry', 'fantasy']"
"7","12","besan","besan","బెసన్","बेसन","['gram flour', 'chickpea flour']"
"7","13","best-bakery-almond-cookies","Best Bakery Almond Cookies","బెస్ట్ బేకరీ ఆల్మండ్ కుక్కీలు","बेस्ट बेकरी अल्मंड कुकीज़","['almond', 'cookies']"
"7","14","bhagwatis-patra-vagar","Bhagwati's Patra Vagar","భగవతీస్ పట్ర వగర్","भगवाती का पत्र वागर","['patra', 'vagar']"
"7","15","bhagwatis-sandwich-dhokla","Bhagwati's Sandwich Dhokla","భగవతీస్ సాండ్విచ్ ధోక్లా","भगवाती का सैंडविच धोकला","['sandwich', 'dhokla']"
"7","16","bhagwatis-surti-khaman","Bhagwati's Surti Khaman","భాగవతి సర్తి ఖమాన్","भागवती की सर्ती खमन","['khaman', 'gujarati', 'snack']"
"7","17","bhakri","Bhakri","భక్రి","भाकरी","['flatbread', 'indian']"
"7","18","bhakri-chili","Bhakri Chili","భక్రి చిలీ","भाकरी चिली","['chili', 'spicy', 'bhakri']"
"7","19","bhakri-jeera","Bhakri Jeera","భక్రి జీరా","भाकरी जीरा","['jeera', 'cumin', 'bhakri']"
"7","20","bhatura","Bhatura","భటూరా","भटूरा","['fried', 'bread', 'indian']"
"7","21","bhatura-bulk","Bhatura Bulk","భటురా బ్యాచ్","भटूरा बुल्क","['bhatura', 'bulk']"
"7","22","bhature-ka-atta","Bhature Ka Atta","భటూర్ కా అట్టా","भटूरे का आटा","['bhature', 'atta']"
"7","23","bhindi","Bhindi","భిండి","भिंडी","['bhindi']"
"7","24","bhindi-whole","Bhindi Whole","భిండి పూర్తి","भिंडी पूरी","['bhindi', 'whole']"
"7","25","bhuji-plain-haldibhuji-plain-hald","Bhuji Plain Haldi","భూజి ప్లేన్ హల్డి","भूजी प्लेन हल्दी","['bhuji', 'haldi']"
"7","26","bhujia249","Bhujia","భూజియా","भूजिया","['bhujia', 'snack']"
"7","27","big-eggplant","Big Eggplant","పెద్ద బఠానీ","बड़ा अंडा बैंगन","['eggplant', 'big', 'vegetable']"
"7","28","bikano-aloo-bhuja","Bikano Aloo Bhuja","బికానో ఆలూ భూజా","बिकानो आलू भुजा","['bikano', 'aloo bhuja', 'snacks']"
"7","29","birds-custard-poweder","Birds Custard Powder","పక్షుల కస్టర్డ్ పావడర్","पक्षियों का कस्टर्ड पाउडर","['custard', 'powder', 'baking']"
"7","30","biryani","Biryani","బిర్యానీ","बिरयानी","['indian rice dish', 'mixed rice']"
"8","1","biryani-masala","Biryani Masala","బిర్యానీ మసాలా","बिरयानी मसाला","['biryani', 'masala', 'spice']"
"8","2","biryani-masala-1","Biryani Masala","బిర్యానీ మసాలా","बिरयानी मसाला","['biryani', 'masala', 'spice']"
"8","3","bitta-misal","Bitta Misal","బిట్టా మిసల్","बिट्टा मिसाल","['indian street food', 'curried sprouts']"
"8","4","biyyam","Rice","Biyyam","Chawal","rice|biyyam|chawal"
"8","5","black-beans","Black Beans","నల్ల మొక్కజొన్న","काले मूंग","['legumes', 'beans']"
"8","6","black-bourbone","Black Bourbon","నల్ల బౌర్బాన్","काला बोरबॉन","['whiskey', 'spirits']"
"8","7","black-salt","Black Salt","నల్ల పసుపు","काला नमक","['seasoning salt', 'kala namak']"
"8","8","black-urad-whole","Black Urad Whole","బ్లాక్ ఉరాడ్ వ్హోల్","काला उरद पूरा","['black urad whole', 'urad dal whole']"
"8","9","blanded-almond","Blanded Almond","బ్లాండెడ్ అల్మండ్","ब्लैंडेड बादाम","['blanded almond', 'almond']"
"8","10","blossom-hill-clover-honey","Blossom Hill Clover Honey","బ్లాసమ్ హిల్ క్లోవర్ హనీ","ब्लॉससम हिल क्लॉवर हनी","['blossom hill clover honey', 'clover honey']"
"8","11","bombay-kitchen-achari-kitchen","Bombay Kitchen Achari Kitchen","బాంబే కుటీర అచారి కుటీర","बॉम्बे किचन अचारी किचन","['bombay kitchen achari kitchen', 'achari masala']"
"8","12","bombay-kitchen-chicken-65","Bombay Kitchen Chicken 65","బాంబే కుటీర చికెన్ 65","बॉम्बे किचन चिकन 65","['bombay kitchen chicken 65', 'chicken 65']"
"8","13","bombay-kitchen-chicken-biryani","Bombay Kitchen Chicken Biryani","బాంబే కుక్కు చికెన్ బిర్యానీ","बॉम्बे किचन चिकन बिरयानी","['chicken biryani', 'bombay kitchen', 'indian food']"
"8","14","bombay-kitchen-chicken-chettinad","Bombay Kitchen Chicken Chettinad","బాంబే కుక్కు చికెన్ చెట్టినాడ్","बॉम्बे किचन चिकन चेट्टीनाड","['chicken chettinad', 'indian spices', 'south indian']"
"8","15","bombay-kitchen-chicken-kabab","Bombay Kitchen Chicken Kabab","బాంబే కుక్కు చికెన్ కబాబ్","बॉम्बे किचन चिकन कबाब","['chicken kabab', 'indian street food', 'kebabs']"
"8","16","bombay-kitchen-chicken-korma","Bombay Kitchen Chicken Korma","బాంబే కుక్కు చికెన్ కోర్మా","बॉम्बे किचन चिकन कोरमा","['chicken korma', 'mughlai cuisine', 'indian curries']"
"8","17","bombay-kitchen-chicken-makhani","Bombay Kitchen Chicken Makhani","బాంబే కుక్కు చికెన్ మఖనీ","बॉम्बे किचन चिकन मखनी","['chicken makhani', 'butter chicken', 'indian restaurant']"
"8","18","bombay-kitchen-chicken-samosa","Bombay Kitchen Chicken Samosa","బాంబే కుక్కు చికెన్ సమోసా","बॉम्बे किचन चिकन समोसा","['chicken samosa', 'bombay kitchen']"
"8","19","bombay-kitchen-chicken-tikka-masala","Bombay Kitchen Chicken Tikka Masala","బాంబే కుక్కు చికెన్ టిక్కా మసాలా","बॉम्बे किचन चिकन टिक्का मसाला","['chicken tikka masala', 'bombay kitchen']"
"8","20","bombay-kitchen-kadai-chicken","Bombay Kitchen Kadai Chicken","బాంబే కుక్కు కడాయి చికెన్","बॉम्बे किचन कढाई चिकन","['kadai chicken', 'bombay kitchen']"
"8","21","bombay-kitchen-lamb-biryani","Bombay Kitchen Lamb Biryani","బాంబే కుక్కు మేక బిర్యానీ","बॉम्बे किचन लैम्ब बिरयानी","['lamb biryani', 'bombay kitchen']"
"8","22","bombay-kitchen-spicy-punjabi-mix-10oz","Bombay Kitchen Spicy Punjabi Mix 10oz","బాంబే కుక్కు వేడి పంజాబీ మిశ్రమం 10oz","बॉम्बे किचन मिर्ची पंजाबी मिश्रण 10oz","['spicy punjabi mix', 'bombay kitchen']"
"8","23","boomdi","Boomdi","బూండి","बूंदी","['boondi', 'di']"
"8","24","boondi-jain-sweets","Boondi Jain Sweets","బూండి జైన్ స్వీట్స్","बूंदी जैन स्वीट्स","['boondi', 'jain', 'sweets']"
"8","25","boondi-masala","Boondi Masala","బూండి మసాలా","बूंदी मसाला","['boondi', 'masala']"
"8","26","boondi-sev","Boondi Sev","బూండి సెవ్","बूंदी सेव","['boondi', 'sev']"
"8","27","boost","Boost","బూస్ట్","बूस्ट","['boost']"
"8","28","boro-plus-1","Boro Plus 1","బోరో ప్లస్ 1","बोरो प्लस 1","['boro plus 1', 'boro plus']"
"8","29","borwicks-baking-powder","Borwicks Baking Powder","బోర్విక్స్ బేకింగ్ పవ్డర్","बोर्विक्स बेकिंग पाउडर","['borwicks baking powder', 'baking powder']"
"8","30","bourbon","Bourbon","బౌర్బన్","बौर्बन","['bourbon', 'whiskey']"
"","","bowl-1","Bowl 1","బౌల్ 1","बाउल 1","['bowl', 'tableware']"
"","","brahmi-brahmi-capsules-60","Brahmi Brahmi Capsules 60","బ్రాహ్మి బ్రాహ్మి క్యాప్సుల్స్ 60","ब्रह्मी ब्रह्मी कैप्सूल्स 60","['brahmi brahmi capsules', 'ayurvedic supplements']"
"","","brahmins-broken-samba-wheat","Brahmins Broken Samba Wheat","బ్రాహ్మణ్ల బ్రాకెన్ సాంబా గోధుమ","ब्रह्मणों का टूटा हुआ सांबा गेहूं","['broken wheat', 'samba wheat', 'brahmins wheat']"
"","","brahmins-chemba-puttu-podi","Brahmins Chemba Puttu Podi","బ్రాహ్మణ్ల చెంబ పుట్టు పొడి","ब्रह्मणों का चेम्बा पुट्टू पाउडर","['chemba puttu podi', 'brahmins puttu powder']"
"","","brahmins-dosa-podi","Brahmins Dosa Podi","బ్రాహ్మణ్ల దోస పొడి","ब्रह्मणों का डोसा पाउडर","['dosa podi', 'brahmins dosa powder']"
"","","brahmins-fried-rava","Brahmins Fried Rava","బ్రాహ్మణ్ల నేలకూరను వంటి రవా","ब्रह्मणों का तला हुआ रावा","['fried rava', 'brahmins rava']"
"","","bras-sev-sancha","Bras Sev Sancha","బ్రాస్ సేవ్ సంచ","ब्रास सेव संच","['bras sev sancha', 'crunchy sev']"
"","","britannia-5-grain-biscuit","Britannia 5 Grain Biscuit","బ్రిటానియా 5 గ్రేన్ బిస్కెట్","ब्रिटेनिया 5 ग्रेन बिस्किट","['britannia', '5 grain', 'biscuit']"
"","","britannia-50-50","Britannia 50-50","బ్రిటానియా 50-50","ब्रिटेनिया 50-50","['britannia', '50-50']"
"","","britannia-bourbon","Britannia Bourbon","బ్రిటానియా బౌర్బన్","ब्रिटेनिया बोर्बन","['britannia', 'bourbon']"
"","","britannia-chocolate-cream-wafers","Britannia Chocolate Cream Wafers","బ్రిటానియా చోక్లేట్ క్రీమ్ వేఫర్స్","ब्रिटेनिया चॉकलेट क्रीम वेफर्स","['britannia', 'chocolate', 'cream', 'wafers']"
"","","britannia-chocolate-wafers","Britannia Chocolate Wafers","బ్రిటానియా చోక్లేట్ వేఫర్స్","ब्रिटेनिया चॉकलेट वेफर्स","['britannia', 'chocolate', 'wafers']"
"","","britannia-cows-ghee","Britannia Cows Ghee","బ్రిటానియా కోవ్స్ గ్హీ","ब्रिटेनिया कॉव्स घी","britannia cows ghee, cow ghee, Britannia cow ghee"
"","","britannia-date-rolls","Britannia Date Rolls","బ్రిటానియా డేట్ రోల్స్","ब्रिटेनिया डेट रोल्स","britannia date rolls, Britannia date rolls"
"","","britannia-digestive","Britannia Digestive","బ్రిటానియా డైజెస్టివ్","ब्रिटेनिया डाइजेस्टिव","britannia digestive, Britannia digestive biscuits"
"","","britannia-fig-rolls","Britannia Fig Rolls","బ్రిటానియా ఫిగ్ రోల్స్","ब्रिटेनिया फिग रोल्स","britannia fig rolls, Britannia fig rolls"
"","","britannia-funky-choco","Britannia Funky Choco","బ్రిటానియా ఫంకీ చోకో","ब्रिटेनिया फंकी चोको","britannia funky choco, Britannia funky chocolate"
"","","britannia-funky-choco-1","Britannia Funky Choco","బ్రిటానియా ఫంకీ చోకో","ब्रिटेनिया फंकी चॉको","['funky choco', 'britannia']"
"","","britannia-good-day-butter","Britannia Good Day Butter","బ్రిటానియా గుడ్ డే బట్టర్","ब्रिटेनिया गुड डे बटर","['good day butter', 'britannia']"
"","","britannia-good-day-butter-cookies","Britannia Good Day Butter Cookies","బ్రిటానియా గుడ్ డే బట్టర్ కుకీస్","ब्रिटेनिया गुड डे बटर कुकीज़","['good day butter cookies', 'britannia']"
"","","britannia-good-day-butter-cookies-75g","Britannia Good Day Butter Cookies 75g","బ్రిటానియా గుడ్ డే బట్టర్ కుకీస్ 75జీ","ब्रिटेनिया गुड डे बटर कुकीज़ 75ग्राम","['good day butter cookies 75g', 'britannia']"
"","","britannia-good-day-cashew","Britannia Good Day Cashew","బ్రిటానియా గుడ్ డే క్యాష్వే","ब्रिटेनिया गुड डे कैशव","cashew, Britannia, Good Day"
"","","britannia-good-day-chunkies-choco-chip-224-gms-cookies","Britannia Good Day Chunkies Choco Chip Cookies","బ్రిటానియా గుడ్ డే చంకీస్ చోకో చిప్ కుకీస్","ब्रिटेनिया गुड डे चंकीज़ चॉको चिप कुकीज़","cookies, chunkies, choco chip, Britannia, Good Day"
"","","britannia-good-day-pista-almd","Britannia Good Day Pista Almond","బ్రిటానియా గుడ్ డే పిస్టా ఆల్మండ్","ब्रिटेनिया गुड डे पिस्ता अल्मंड","pista, almond, Britannia, Good Day"
"","","britannia-good-day-pista-almond","Britannia Good Day Pista Almond","బ్రిటానియా గుడ్ డే పిస్టా ఆల్మండ్","ब्रिटेनिया गुड डे पिस्ता अल्मंड","pista, almond, Britannia, Good Day"
"","","britannia-hazelnut-wafers","Britannia Hazelnut Wafers","బ్రిటానియా హజెల్‌నట్ వాఫర్స్","ब्रिटेनिया हेज़लनट वाफर्स","hazelnut, wafers, Britannia"
"","","britannia-little-hearts","Britannia Little Hearts","బ్రిటానియా లిటిల్ హృదయాలు","ब्रिटेनिया लिटिल हृदय","britannia, little hearts, biscuits"
"","","britannia-marie-gold","Britannia Marie Gold","బ్రిటానియా మేరీ గోల్డ్","ब्रिटेनिया मैरी गोल्ड","britannia, marie gold, biscuits"
"","","britannia-maska-chaska","Britannia Maska Chaska","బ్రిటానియా మాస్కా చాస్కా","ब्रिटेनिया मस्का चास्का","britannia, maska chaska, biscuits"
"","","britannia-milk-bikis","Britannia Milk Bikis","బ్రిటానియా మిల్క్ బికీస్","ब्रिटेनिया दूध बिकीस","britannia, milk bikis, biscuits"
"","","britannia-milk-rusk","Britannia Milk Rusk","బ్రిటానియా మిల్క్ రస్క్","ब्रिटेनिया दूध रुस्क","britannia, milk rusk, biscuits"
"","","britannia-nice-time","Britannia Nice Time","బ్రిటానియా నైస్ టైమ్","ब्रिटेनिया नाइस टाइम","Britannia Nice Time"
"","","britannia-suji-toast","Britannia Suji Toast","బ్రిటానియా సూజీ టోస్ట్","ब्रिटेनिया सूजी टोस्ट","Britannia Suji Toast"
"","","britannia-treat","Britannia Treat","బ్రిటానియా ట్రీట్","ब्रिटेनिया ट्रीट","Britannia Treat"
"","","britannia-treat-choco-100-gms","Britannia Treat Choco 100 Gms","బ్రిటానియా ట్రీట్ చోకో 100 జీమీ","ब्रिटेनिया ट्रीट चॉको 100 जीएम","Britannia Treat Choco 100 Gms"
"","","britannia-treat-creme-wafers-3-pack","Britannia Treat Creme Wafers 3 Pack","బ్రిటానియా ట్రీట్ క్రీమ్ వేఫర్స్ 3 ప్యాక్","ब्रिटेनिया ट्रीट क्रीम वेफर्स 3 पैक","['britannia', 'treat', 'creme', 'wafers']"
"","","britannia-treat-pineapple","Britannia Treat Pineapple","బ్రిటానియా ట్రీట్ పైనాపిల్","ब्रिटेनिया ट्रीट पाइनएप्पल","['britannia', 'treat', 'pineapple']"
"","","brooke-bond-red-label-tea-bags","Brooke Bond Red Label Tea Bags","బ్రూక్ బాండ్ రెడ్ లేబుల్ టీ బ్యాగ్స్","ब्रूक बॉन्ड रेड लेबल टी बैग्स","['brooke', 'bond', 'red', 'label', 'tea']"
"","","brown-basmati-rice-10-lb","Brown Basmati Rice 10 lb","బ్రౌన్ బాస్మతి చిరుధాన్యం 10 లీవర్లు","ब्राउन बासमती चावल 10 पाउंड","['brown', 'basmati', 'rice']"
"","","brown-basmati-rice-10-lb-1","Brown Basmati Rice 10 lb","బ్రౌన్ బాస్మతి చిరుధాన్యం 10 లీవర్లు","ब्राउन बासमती चावल 10 पाउंड","['brown', 'basmati', 'rice']"
"","","brown-chana","Brown Chana","బ్రౌన్ చన","ब्राउन चना","['brown chana', 'chickpeas']"
"","","brown-nd-polish","Brown and Polish","బ్రౌన్ మరియు పోలిష్","ब्राउन और पोलिश","['brown polish', 'shoe polish']"
"","","brown-rice","Brown Rice","బ్రౌన్ బియ్యం","ब्राउन चावल","['brown rice', 'unpolished rice']"
"","","brown-sona-masoori-rice-10-lb","Brown Sona Masoori Rice 10 lb","బ్రౌన్ సోనా మసూరి బియ్యం 10 లీబర్లు","ब्राउन सोना मसूरी चावल 10 पाउंड","['sona masoori rice', 'brown rice']"
"","","bru-green-label","Bru Green Label","బ్రూ గ్రీన్ లేబుల్","ब्रू ग्रीन लेबल","['bru coffee', 'green label coffee']"
"","","bulk-okra","Bulk Okra","బ్యాలెన్స్ ఓక్రా","बुल्क ओक्रा","okra, lady's finger, bhindi"
"","","butter-chicken-mix","Butter Chicken Mix","బట్టర్ చికెన్ మిక్స్","बटर चिकन मिक्स","['butter chicken mix', 'chicken mix', 'butter chicken']"
"","","butter-good-day","Butter Good Day","బట్టర్ గుడ్ డే","बटर गुड डे","['butter good day', 'good day']"
"","","butter-ice-cream","Butter Ice Cream","బట్టర్ ఐస్ క్రీం","बटर आइस क्रीम","['butter ice cream', 'ice cream']"
"","","butter-scotch","Butter Scotch","బట్టర్ స్కాట్చ్","बटर स्कॉच","['butter scotch', 'scotch']"
"","","butterscotch","Butterscotch","బట్టర్‌స్కాట్చ్","बटरस्कॉच","['butterscotch']"
"","","butterscotch-icecream","Butterscotch Ice Cream","బట్టర్‌స్కోచ్ ఐస్ క్రీం","बटरस्कॉच आइसक्रीम","butterscotch, ice cream"
"","","butterscotch-kingcone","Butterscotch King Cone","బట్టర్‌స్కోచ్ కింగ్ కోన్","बटरस्कॉच किंग कोन","butterscotch, king cone"
"","","buttry-black-lentils","Buttry Black Lentils","బట్ట్రీ బ్లాక్ లెంటిల్స్","बट्ट्री ब्लैक लेंटिल्स","buttry, black lentils"
"","","cadury-fruit-nut","Cadbury Fruit Nut","కేడుబ్రీ ఫ్రూట్ న్యూట్","केडुब्री फल नट","cadbury, fruit, nut"
"","","cake-rusk","Cake Rusk","కేక్ రస్క్","केक रस्क","cake, rusk"
"","","canola-oil","Canola Oil","కనోలా తైలం","कैनोला तेल","['canola oil', 'vegetable oil']"
"","","cardamom-powder","Cardamom Powder","ఏలకు పొడి","एलची पाउडर","['cardamom powder', 'elaichi powder']"
"","","cardamon-seeds-1","Cardamom Seeds","ఏలకు బియ్యం","एलची बीज","['cardamom seeds', 'elaichi seeds']"
"","","carpet-cleaner","Carpet Cleaner","కార్పెట్ క్లీనర్","कार्पेट क्लीनर","['carpet cleaner', 'carpet shampoo']"
"","","carrot","Carrot","గాజర్","गाजर","['carrot', 'gajar', 'gaajar']"
"","","cashew-pieces","Cashew Pieces","క్యాష్వ్ పిస్సెస్","कैशव पीस","['cashew', 'kashew', 'cashew pieces']"
"","","cashew-whole","Cashew Whole","క్యాష్వ్ వోల్","कैशव वोल","['cashew', 'kashew', 'cashew whole']"
"","","cashew-whole-2","Cashew Whole","క్యాష్వ్ వోల్","कैशव वोल","['cashew', 'kashew', 'cashew whole']"
"","","cashwe","cashwe","కాష్వీ","काशवी","['cashew', 'cashew nut']"
"","","cassatta","Cassatta","కాసట్టా","कासट्टा","['cassatta', 'cassata']"
"","","cassava","cassava","కసావా","कसावा","['manioc', 'yuca']"
"","","cauliflower","Cauliflower","కాల్ఫ్లవర్","कालफ्लावर","['cauliflower', 'gobhi']"
"","","chai-masala","Chai Masala","చాయ్ మసాలా","चाय मसाला","['chai masala', 'tea spice']"
"","","chakli","Chakli","చక్లి","चकली","['chakli', 'fried snack']"
"","","chana","Chana","చన","चना","['chana', 'chickpea']"
"","","chana-chawal","Chana Chawal","చన చావల్","चना चावल","['chana chawal', 'chickpea rice']"
"","","chana-chor","Split Chickpeas","చనా చోర","चना चोर","['chickpeas', 'split chickpeas', 'chana chor']"
"","","chana-dal-3","Split Chickpeas","చనా దాల్","चना दाल","['chickpeas', 'split chickpeas', 'chana dal']"
"","","chana-dal-organic","Organic Split Chickpeas","ఆర్గెనిక్ చనా దాల్","ऑर्गेनिक चना दाल","['organic', 'chickpeas', 'split chickpeas', 'chana dal']"
"","","chana-dalia","Split Chickpeas","చనా దాలియా","चना दालिया","['chickpeas', 'split chickpeas', 'chana dalia']"
"","","chandan-6-in-1-mukhwas","Chandan 6 in 1 Mukhwas","చందన్ 6 ఇన్ 1 ముఖ్వాస్","चंदन 6 इन 1 मुखवास","['chandan', 'mukhwas', 'breath freshener']"
"","","chandan-olympic-mix","Chandan Olympic Mix","చందన్ ఒలింపిక్ మిక్స్","चंदन ओलंपिक मिक्स","['chandan', 'olympic mix', 'mukhwas']"
"","","channa","Channa","చన్న","चन्ना","['channa', 'chickpeas']"
"","","channa-jor-garam","Channa Jor Garam","చన్న జార్ గరమ్","चन्ना जोर गरम","['channa', 'spicy', 'chickpeas']"
"","","chaokoh-coconut-milk","Chaokoh Coconut Milk","చాకోహ్ కొబ్బరి పాలు","चाओकोह कोयला दूध","['coconut milk', 'chaokoh']"
"","","chap-stick-1","Chap Stick","చాప్ స్టిక్","चैप स्टिक","['chapstick', 'lip balm']"
"","","chapati","Chapati","చపాతి","चापाती","['flatbread', 'indian bread']"
"","","char-magaz","Char Magaz","చార్ మగజ్","चार मगज","['char magaz', 'char magaj']"
"","","charcole","Charcoal","చార్కోల్","चारकोल","['charcoal', 'activated charcoal']"
"","","chawal","Rice","Biyyam","Chawal","rice|chawal|biyyam"
"","","chefs-secret-basmati-rice-10-lb","Chef's Secret Basmati Rice 10 lb","చీఫ్స్ సెక్రెట్ బాస్మతి చిరుధాన్యం 10 లీబుల్స్","चीफ्स सीक्रेट बासमती चावल 10 पाउंड","['basmati rice', 'long grain rice']"
"","","chefs-secret-basmati-rice-20-lb","Chef's Secret Basmati Rice 20 lb","చీఫ్స్ సెక్రెట్ బాస్మతి చావలి 20 లీబు","चीफ्स सीक्रेट बासमती चावल 20 लीबु","basmati rice, chefs secret, 20 lb"
"","","chettinad-barnyard-millet","Chettinad Barnyard Millet","చెట్టినాడ్ బర్న్యార్డ్ మిలెట్","चेट्टीनाड बार्नयार्ड मिलेट","barnyard millet, chettinad"
"","","chettinad-little-millet","Chettinad Little Millet","చెట్టినాడ్ లిటిల్ మిలెట్","चेट्टीनाड लिटिल मिलेट","little millet, chettinad"
"","","chheder","Chheder","చ్హేదర్","छेडर","chheder"
"","","chhole","Chhole","చోలే","छोले","chhole"
"","","chia-seeds","Chia Seeds","చియా బీజాలు","चिया बीज","['chia seeds', 'chiya bij', 'chiya beeja']"
"","","chicken-65","Chicken 65","కోడి 65","कोड़ी 65","['chicken 65', 'kodi 65', 'kodi sixty-five']"
"","","chicken-66","Chicken 66","కోడి 66","कोड़ी 66","['chicken 66', 'kodi 66', 'kodi sixty-six']"
"","","chicken-curry-paste","Chicken Curry Paste","కోడి కూర పేస్ట్","कोड़ी करी पेस्ट","['chicken curry paste', 'kodi kura paste', 'kodi kuri peest']"
"","","chicken-keema","Chicken Keema","కోడి కీమా","कोड़ी कीमा","['chicken keema', 'kodi keema', 'kodi keema']"
"","","chicken-marinade","Chicken Marinade","కోడి మారినేడ్","चिकन मैरिनेड","['chicken marinade', 'marinade for chicken']"
"","","chicken-masala","Chicken Masala","కోడి మసాలా","चिकन मसाला","['chicken masala', 'chicken spice']"
"","","chicken-roast-mothers","Chicken Roast Mothers","కోడి రోస్ట్ మాదర్స్","चिकन रोस्ट मदर्स","['chicken roast', 'mothers chicken roast']"
"","","chicken-vindaloo","Chicken Vindaloo","కోడి విందాలూ","चिकन विंदालू","['chicken vindaloo', 'vindaloo chicken']"
"","","chickn-tikka-mix","Chickn Tikka Mix","కిక్కన్ టిక్కా మిక్స్","चिकन टिक्का मिक्स","['chicken tikka mix', 'tikka chicken mix']"
"","","chicko-icecream","Chicko Ice Cream","చిక్కో ఐస్ క్రీం","चिक्को आइस क्रीम","chicko ice cream, ice cream"
"","","chickpea-kofta-curry","Chickpea Kofta Curry","మొక్కజొన్న కోఫ్టా కూర","चिक्की कोफ्ता करी","chickpea kofta curry, chickpea curry"
"","","chili-garlic-sauce","Chili Garlic Sauce","చిలీ గార్లిక్ సాస్","चिली गार्लिक सॉस","chili garlic sauce, chili sauce, garlic sauce"
"","","chilli","Chilli","చిలీ","चिली","chilli, chili"
"","","chilli-banana","Chilli Banana","చిల్లి బెనాన","चिली बेनाना","['chilli banana', 'banana chilli']"
"","","chilli-pickle","Chilli Pickle","చిల్లి పిక్కిల్","चिली पिक्कल","['chilli pickle', 'pickle chilli']"
"","","chilli-powder","Chilli Powder","చిల్లి పొడి","चिली पाउडर","['chilli powder', 'powder chilli']"
"","","chilli-powder-swad","Swad Chilli Powder","స్వాద్ చిల్లి పొడి","स्वाद चिली पाउडर","['swad chilli powder', 'chilli powder swad']"
"","","chilli-whole","Whole Chilli","పొడి మిరియాలు","पूरी मिर्च","whole chilli, chilli, mirchi"
"","","chinese-okra","Chinese Okra","చైనీస్ బంగాళదుంప","चीनी बैंगन","chinese okra, lady's finger, benda kalu"
"","","chinese-potato","Chinese Potato","చైనీస్ ఆకుకాయ","चीनी आलू","chinese potato, chinese taro, arbi"
"","","chings-dark-soy-sauce","Chings Dark Soy Sauce","చింగ్స్ డార్క్ సోయా సాస్","चिंग्स डार्क सोया सॉस","chings dark soy sauce, soy sauce, soya sauce"
"","","chings-hakka-egg-noodles","Chings Hakka Egg Noodles","చింగ్స్ హక్కా మిఠాయి నూడుల్స్","चिंग्स हक्का अंडे नूडल्स","chings hakka egg noodles, egg noodles, hakka noodles"
"","","chings-hakka-veg-noodles","Chings Hakka Veg Noodles","చింగ్స్ హక్కా వెగ్ నూడుల్స్","चिंग्स हक्का वेग नूडल्स","hakka noodles, veg noodles"
"","","chings-manchurian-noodles","Chings Manchurian Noodles","చింగ్స్ మంచూరియన్ నూడుల్స్","चिंग्स मंचूरियन नूडल्स","manchurian noodles"
"","","chings-paneer-chilli-masala","Chings Paneer Chilli Masala","చింగ్స్ పనీర్ చిలీ మసాలా","चिंग्स पनीर चिली मसाला","paneer chilli masala"
"","","chings-schezwan-sauce","Chings Schezwan Sauce","చింగ్స్ సెచ్చ్వాన్ సౌస్","चिंग्स सेच्वान सॉस","schezwan sauce"
"","","chini","Sugar","Panchadara","Chini","sugar|chini|panchadara"
"","","chitale-idli-mix","Chitale Idli Mix","చితాలే ఇడ్లీ మిక్స్","चिताले इडली मिक्स","idli mix"
"","","chitale-khaman-mix","Chitale Khaman Mix","చితాలే ఖమాన్ మిక్స్","चिताले खमान मिक्स","['khaman mix', 'chitale', 'snack mix']"
"","","chocolate","Chocolate","చోక్లేట్","चॉकलेट","['chocolate', 'cocoa']"
"","","chocolate-ice-cream","Chocolate Ice Cream","చోక్లేట్ ఐస్ క్రీం","चॉकलेट आइस क्रीम","['chocolate ice cream', 'ice cream']"
"","","choley-kulcha","Choley Kulcha","చోలీ కుల్చా","चोली कुलचा","['choley kulcha', 'north indian bread']"
"","","chora-dal","Chora Dal","చోర దాల్","चोरा दाल","['chora dal', 'split black gram']"
"","","chunky-chat-masala","Chunky Chat Masala","చంకీ చాట్ మసాలా","चंकी चैट मसाला","['chunky chat masala', 'chat masala']"
"","","cilantro","Cilantro","సిలంట్రో","सिलेंट्रो","['cilantro', 'coriander leaves']"
"","","cinamon-sticks","Cinnamon Sticks","డేగులు","दालचीनी की छड़ें","['cinnamon sticks', 'dalchini']"
"","","cinnamon-powder","Cinnamon Powder","డేగులు పొడి","दालचीनी पाउडर","['cinnamon powder', 'dalchini powder']"
"","","cinnman-sticks","Cinnamon Sticks","డేగులు","दालचीनी की छड़ें","['cinnamon sticks', 'dalchini']"
"","","classic","Classic","క్లాసిక్","क्लासिक","['classic']"
"","","classic-cream","Classic Cream","క్లాసిక్ క్రీమ్","क्लासिक क्रीम","['classic', 'cream']"
"","","classic-malai","Classic Malai","క్లాసిక్ మలై","क्लासिक मलाई","['classic', 'malai']"
"","","classic-malai-kulfi","Classic Malai Kulfi","క్లాసిక్ మలై కుల్ఫీ","क्लासिक मलाई कुल्फी","['classic', 'malai', 'kulfi']"
"","","clay-deepak-1","Clay Deepak 1","క్లే డీపక్ 1","क्ले डीपक 1","diya, clay diya, deepak"
"","","clay-plain-diya-medium-12-pcs","Clay Plain Diya Medium 12 Pcs","క్లే ప్లేన్ డియా మీడియం 12 పీసీఎస్","क्ले प्लेन डिया मीडियम 12 पीसी","diya, clay diya, plain diya, medium diya"
"","","click-emb","Click Emb","క్లిక్ ఎంబీ","क्लिक एमबी","embroidery, embroidery floss, click embroidery"
"","","clorox-6-pack-bleach-toilet-bowl-cleaner","Clorox 6 Pack Bleach Toilet Bowl Cleaner","క్లోరాక్స్ 6 ప్యాక్ బ్లీచ్ టోలెట్ బౌల్ క్లీనర్","क्लोरॉक्स 6 पैक ब्लीच टॉयलेट बाउल क्लीनर","bleach, toilet bowl cleaner, clorox bleach"
"","","cocktail-chicken-samosa","Cocktail Chicken Samosa","కోక్టెయిల్ చికెన్ సమోసా","कॉकटेल चिकन समोसा","samosa, chicken samosa, cocktail samosa"
"","","coconut","Coconut","కొబ్బరి","नारियल","['coconut', 'narial']"
"","","coconut-cake","Coconut Cake","కొబ్బరి కేక్","नारियल केक","['coconut cake', 'narial cake']"
"","","coconut-chikki","Coconut Chikki","కొబ్బరి చిక్కీ","नारियल चिक्की","['coconut chikki', 'narial chikki']"
"","","coconut-chutny","Coconut Chutney","కొబ్బరి చట్నీ","नारियल चटनी","['coconut chutney', 'narial chutney']"
"","","coconut-powder-org","Organic Coconut Powder","ఆర్గెనిక్ కొబ్బరి పావురు","ऑर्गेनिक नारियल पाउडर","['organic coconut powder', 'narial powder']"
"","","coconuts-flakes","Coconuts Flakes","కొబ్బరి పొడి","नारियल के दाने","['coconut flakes', 'nariyal ki powder']"
"","","coffee","Coffee","కాఫీ","कॉफी","['coffee beans', 'kaapi']"
"","","cofresh-jalapeno-grills","CoFresh Jalapeno Grills","కోఫ్రెష్ జలపెనో గ్రిల్స్","कोफ्रेश जालापेनो ग्रिल्स","['cofresh jalapeno', 'jalapeno grills']"
"","","coke","Coke","కోక్","कोक","['coke drink', 'koka']"
"","","colander-1","Colander","కొలండర్","कोलेंडर","['colander', 'strainer', 'kitchen utensil']"
"","","cold-brew-coffee","Cold Brew Coffee","కాల్డ్ బ్రూ కాఫీ","कोल्ड ब्रू कॉफी","['cold brew coffee', 'coffee', 'beverage']"
"","","cold-pressed-groundnut-oil","Cold Pressed Groundnut Oil","కాల్డ్ ప్రెస్డ్ గ్రౌండ్‌నట్ తేనెటీగ నూనె","कोल्ड प्रेस्ड ग्राउंडनट तेल","['cold pressed oil', 'groundnut oil', 'nut oil']"
"","","color-diyas-9-pcs","Color Diyas 9 Pcs","రంగుల దీపాలు 9 పీసీసీలు","रंगीन दिये 9 पीस","['color diya', 'diya', 'dipali']"
"","","color-sparklers-10-12-boxes","Color Sparklers 10-12 Boxes","రంగుల స్పార్కలర్లు 10-12 బాక్సులు","रंगीन स्पार्कलर 10-12 बॉक्स","['color sparkler', 'sparkler', 'firework']"
"","","combiflam-icy-hot","Combiflam Icy Hot","కాంబిఫ్లామ్ ఆయిసీ హాట్","कॉम्बिफ्लेम आइसी हॉट","['Combiflam', 'Icy Hot', 'Pain Reliever']"
"","","combo","Combo 8904063204714","కాంబో 8904063204714","कॉम्बो 8904063204714","['Combo', 'Packaged Goods']"
"","","complain","Complain","క్లేయిన్","क्लेन","['Antacid', 'Heartburn Relief']"
"","","concentrate-pani-puri","Concentrate Pani Puri","కాంసెంట్రేట్ పానీ పూరీ","कॉन्सेंट्रेट पानी पूरी","['Pani Puri', 'Flavor Concentrate']"
"","","cookie","Cookie","కుకీ","कुकी","['cookie', 'biscuit']"
"","","cookie-heaven-coconut","Cookie Heaven Coconut","కుకీ హెవెన్ కొకోనట్","कुकी हेवन कोकोनट","['Cookie', 'Coconut Flavor']"
"","","cookies","Cookies","కుకీస్","कुकीज़","['cookies', 'biscuits']"
"","","cooking-soda","Cooking Soda","కుకింగ్ సోడా","कुकिंग सोडा","['cooking soda', 'soda bicarb']"
"","","copper-ice-cup","Copper Ice Cup","కప్పర్ ఐస్ కప్","कॉपर आइस कप","['copper ice cup', 'ice cup']"
"","","coriander","Coriander Powder / Seeds","Dhaniyalu / Kotthimera (ధనియాలు)","Dhania (धनिया)","coriander|dhania|dhaniyalu|kotthimera"
"","","coriander-powder","Coriander Powder","ధనియాలు పొడి","धनिया पाउडर","['coriander powder', 'dhania powder']"
"","","corinder-chutny","Coriander Chutney","కోరిండర్ చట్నీ","कोरीANDर चटनी","coriander chutney, coriander, chutney"
"","","corinder-powder","Coriander Powder","కోరిండర్ పావుర","कोरीANDर पाउडर","coriander powder, coriander, powder"
"","","corinder-seeds","Coriander Seeds","కోరిండర్ బీజాలు","कोरीANDर बीज","coriander seeds, coriander, seeds"
"","","corn-oil-1","Corn Oil","కార్న్ ఆయిల్","कॉर्न ऑयल","corn oil, corn, oil"
"","","cornflour-rafhan","Rafhan Corn Flour","రఫాన్ కార్న్ ఫ్లౌర్","रफ़ान कॉर्न फ्लौर","['corn flour', 'rafhan']"
"","","cothas-coffee-1","Cothas Coffee","కోథాస్ కాఫీ","कोथास कॉफी","['coffee', 'cothas']"
"","","cracked-wheat","Cracked Wheat","క్రాక్డ్ వీట","क्रैक्ड वीट","['cracked wheat']"
"","","cream-roll","Cream Roll","క్రీం రోల్","क्रीम रोल","['cream roll']"
"","","crispy-ajwain-cookies","Crispy Ajwain Cookies","క్రిస్పీ ఆజ్వైన్ కుక్కీలు","क्रिस्पी अजवाइन कुकीज़","['ajwain cookies', 'crispy cookies', 'indian cookies']"
"","","crispy-almond-cake-rusk","Crispy Almond Cake Rusk","క్రిస్పీ ఆల్మండ్ కేక్ రస్క్","क्रिस्पी बादाम केक रस्क","['almond cake', 'crispy rusk', 'indian bakery']"
"","","crispy-eggless-cake-rusk","Crispy Eggless Cake Rusk","క్రిస్పీ ఎగ్గులేని కేక్ రస్క్","क्रिस्पी अंडे वाला केक रस्क","['eggless cake', 'crispy rusk', 'indian bakery']"
"","","crispy-fried-chicken-mix","Crispy Fried Chicken Mix","క్రిస్పీ ఫ్రైడ్ చికెన్ మిక్స్","क्रिस्पी फ्राइड चिकन मिक्स","['crispy fried chicken', 'chicken mix', 'indian snacks']"
"","","crispy-gur-punjabi-cookies","Crispy Gur Punjabi Cookies","క్రిస్పీ గుర్ పంజాబీ కుక్కీలు","क्रिस्पी गुड़ पंजाबी कुकीज़","['gur cookies', 'punjabi cookies', 'indian sweets']"
"","","cumin","Cumin Seeds","Jilakarra (జిలకర)","Jeera (जीरा)","cumin|jeera|jilakarra"
"","","cumin-seeds","Cumin Seeds","Jilakarra (జిలకర)","Jeera (जीरा)","cumin|jeera|jilakarra|seeds"
"","","curd","Yogurt / Curd","Perugu (పెరుగు)","Dahi (दही)","curd|yogurt|dahi|perugu|milk"
"","","dahi","Yogurt / Curd","Perugu","Dahi","curd|yogurt|dahi|perugu|milk"
"","","deep-cumin-seeds","Deep Cumin Seeds","డీప్ జీరా బీజాలు","डीप जीरा बीज","['cumin seeds', 'jeera']"
"","","deep-curry-powder-hot","Deep Curry Powder Hot","డీప్ కరీ పావురు వేడి","डीप करी पाउडर गरम","['curry powder', 'hot curry powder']"
"","","deep-dill-seeds","Dill Seeds","సోయాబీన్ బీజాలు","सोयाबीन बीज","['dill seeds', 'సోయాబీన్ బీజాలు', 'सोयाबीन बीज']"
"","","deep-drumsticks","Deep Drumsticks","డీప్ డ్రమ్‌స్టిక్స్","डीप ड्रमस्टिक्स","['drumsticks', 'deep drumsticks']"
"","","deep-ginger-garlic-paste","Deep Ginger Garlic Paste","డీప్ గింజర్ గార్లిక్ పేస్ట్","डीप गिंजर गार्लिक पेस्ट","['ginger garlic paste', 'deep paste', 'condiment']"
"","","deep-jumbo-punjabi-samosas","Deep Jumbo Punjabi Samosas","డీప్ జమ్బో పంజాబీ సమోసాలు","डीप जंबो पंजाबी समोसे","samosas, punjabi samosas, deep fried samosas"
"","","deep-roghani-naan","Deep Roghani Naan","డీప్ రోఘనీ నాన్","डीप रोगनी नान","['roghani naan', 'deep naan']"
"","","deep-sooji","Deep Sooji","డీప్ సూజీ","डीप सूजी","['sooji', 'rava', 'semolina']"
"","","dhania","Coriander","Dhaniyalu","Dhania","coriander|dhania|dhaniyalu"
"","","dhaniyalu","Coriander","Dhaniyalu","Dhania","coriander|dhania|dhaniyalu"
"","","garlic","Garlic","Vellulli (వెల్లుల్లి)","Lahsun (पहसुन / लहसुन)","garlic|lahsun|vellulli"
"","","garvi-gujarat-bhavnagri-ganthia","Garvi Gujarat Bhavnagri Ganthia","గర్వి గుజరాత్ భావనగరి గంతియా","गर्वी गुजरात भावनगरी गन्थिया","gujarati sweets, bhavnagri ganthia"
"","","ghee","Clarified Butter (Ghee)","Neyyi (నెయ్యి)","Ghee (घी)","ghee|neyyi|clarified-butter"
"","","ginger","Ginger","Allam (అల్లం)","Adrak (अदरक)","ginger|adrak|allam"
"","","gits-vermicelli-kheer-mix","Gits Vermicelli Kheer Mix","జీట్స్ వర్మిసెలీ ఖీర్ మిక్స్","जिट्स वर्मिसेली खीर मिक्स","['gits', 'vermicelli', 'kheer mix']"
"","","gud","Jaggery","Bellam","Gud","jaggery|gud|bellam"
"","","haldi","Turmeric","Pasupu","Haldi","turmeric|haldi|pasupu"
"","","haldirams-aloo-tikki","Haldiram's Aloo Tikki","హల్దీరాం ఆలూ టిక్కి","हल्दीराम की आलू टिक्की","['aloo tikki', ""haldiram's"", 'snack']"
"","","hesh-aritha-powder","Hesh Aritha Powder","హెష్ అరితా పావుర","हेश अरिथा पाउडर","['arista powder', 'hesh aritha powder']"
"","","hesh-mehandi-powder","Hesh Mehendi Powder","హెష్ మెహెండీ పావుర","हेश मेहेंदी पाउडर","['henna powder', 'mehendi powder']"
"","","hyd-mixture","Hyd Mixture","హైదరాబాద్ మిశ్రమం","हैदराबाद मिश्रण","['Hyd Mixture']"
"","","jaggery","Jaggery","Bellam (బెల్లం)","Gud (गुड़)","jaggery|gud|bellam"
"","","jeera","Cumin Seeds","Jilakarra","Jeera","cumin|jeera|jilakarra"
"","","jilakarra","Cumin Seeds","Jilakarra","Jeera","cumin|jeera|jilakarra"
"","","laxmi-chappati-flour","Laxmi Chappati Flour","లక్ష్మి చపాతి మిఠాయి","लक्ष्मी चपाती आटा","['laxmi', 'chappati', 'flour']"
"","","laxmi-ginger-paste","Laxmi Ginger Paste","లక్ష్మి ఇనుము పేస్ట్","लक्ष्मी अदरक पेस्ट","['ginger', 'adarak', 'paste']"
"","","laxmi-turmeric-powder","Laxmi Turmeric Powder","లక్ష్మీ పసుపు పావుర్","लक्ष्मी हल्दी पाउडर","['turmeric powder', 'pasupu']"
"","","luxmi-rajma","Luxmi Rajma","లక్ష్మీ రాజ్మా","लक्ष्मी राजमा","['rajma', 'kidney beans']"
"","","maaza-guava-glass-btl","Maaza Guava Glass Bottle","మాజా పీచీ గ్లాస్ బాటిల్","माजा पीच ग्लास बोतल","['maaza guava juice', 'guava drink', 'peach juice']"
"","","mdh-garam-masala","MDH Garam Masala","ఎండీహెచ్ గరమ్ మసాలా","एमडीएच गरम मसाला","['garam masala', 'mdh']"
"","","milk","Milk & Dairy","Palu / Perugu","Doodh / Dahi","milk|dahi|perugu|doodh|dairy|paneer"
"","","mtr-gulab-jamun-mix","Gulab Jamun Mix","గులాబ్ జామున్ మిక్స్","गुलाब जामुन मिक्स","['gulab jamun mix', 'గులాబ్ జామున్ మిక్స్', 'गुलाब जामुन मिक्स']"
"","","mustard","Mustard Seeds","Aavalu (ఆవాలు)","Rai (राई)","mustard|rai|aavalu"
"","","nanak-aloo-tikki","Nanak Aloo Tikki","నానక్ ఆలూ టిక్కీ","नानक आलू टिक्की","['nanak aloo tikki', 'potato tikki', 'aloo tikki']"
"","","neyyi","Clarified Butter","Neyyi","Ghee","ghee|neyyi"
"","","onion","Onion","Ullipaya / Erragaddalu (ఉల్లిపాయ)","Pyaz (प्याज)","onion|pyaz|ullipaya|erragaddalu"
"","","panchadara","Sugar","Panchadara","Chini","sugar|panchadara|chini"
"","","paneer","Cottage Cheese (Paneer)","Paneer (పన్నీర్)","Paneer (पनीर)","paneer|cottage-cheese"
"","","pani-puri-masala","pani puri masala","పానీ పురి మసాలా","पानी पुरी मसाला","['puchka masala', 'golgappas spice']"
"","","pasupu","Turmeric","Pasupu","Haldi","turmeric|haldi|pasupu"
"","","peanuts","Peanuts","పెన్నుట్స్","मूंगफली","['peanuts', 'groundnuts']"
"","","perugu","Yogurt / Curd","Perugu","Dahi","curd|yogurt|dahi|perugu|milk"
"","","pista-almond","Pista Almond","పిస్తా ఆల్మండ్","पिस्ता बादाम","['pista', 'almond', 'nuts']"
"","","plain-bhujiya","Plain Bhujiya","సాధారణ భూజియా","सादा भुजिया","['plain bhujiya', 'snack', 'crunchy']"
"","","potato-samosa-baked","Baked Potato Samosa","బేక్ చేసిన బఠానీ సమోసా","बेक किए हुए आलू समोसा","['baked samosa', 'potato samosa', 'snack']"
"","","quick-tea","Quick Tea","క్విక్ టీ","क्विक टी","['Quick Tea']"
"","","rajbhog-peanut-chikki","Rajbhog Peanut Chikki","రాజ్‌భోగ్ పెన్నుతోట చిక్కీ","राजभोग पेड़ा चिक्की","peanut chikki, rajbhog sweets"
"","","rajbhog-sweet-almond-chikki","Rajbhog Sweet Almond Chikki","రాజ్‌భోగ్ మిఠాయి బదామీ చిక్కీ","राजभोग मीठा बादाम चिक्की","almond chikki, sweet almond chikki"
"","","rajbhog-sweet-cashew-chikki","Rajbhog Sweet Cashew Chikki","రాజ్‌భోగ్ మిఠాయి కాజు చిక్కీ","राजभोग मीठा काजू चिक्की","cashew chikki, sweet cashew chikki"
"","","rajbhog-sweets-sesame-chikki","Rajbhog Sweets Sesame Chikki","రాజ్‌భోగ్ మిఠాయి తిన్నె చిక్కీ","राजभोग मीठा तिल चिक्की","sesame chikki, sweet sesame chikki"
"","","red-chori","Red Chori","రెడ్ చోరీ","रेड चोरी","['chori', 'chickpea']"
"","","red-label","Red Label","రెడ్ లేబుల్","रेड लेबल","['red', 'label']"
"","","rice","Rice / Basmati","Biyyam (బియ్యం)","Chawal (चावल)","rice|basmati|chawal|biyyam"
"","","roghani-naan","Roghani Naan","Roghani Naan (రోఘణి నాన్)","Roghani Naan (रोगनी नान)","roghani|naan|roti|bread"
"","","rose","Rose","రోజ్","रोज़","['rose', 'gulab']"
"","","roshni-white-chick-peas","Roshni White Chick Peas","రోషిని వైట్ చిక్ పీస్","रोशनी व्हाइट चिक पीस","['Roshni', 'White Chick Peas']"
"","","shami-kabab","Shami Kabab","షామీ కబాబ్","शामी कबाब","['shami kabab', 'షామీ కబాబ్', 'शामी कबाब']"
"","","shan-lauki-halwa-mix","Shan Lauki Halwa Mix","షాన్ లౌకీ హల్వా మిక్స్","शान लौकी हलवा मिक्स","['shan lauki halwa mix', 'bottle gourd halwa', 'lauki halwa']"
"","","spicy-boondi","Spicy Boondi","వేడిగా బూండి","वेजी बूंदी","['spicy boondi', 'veg boondi', 'bundi']"
"","","sugar","Sugar","శర్కర","चीनी","['sugar']"
"","","super-shyne-iron-karahi","Super Shyne Iron Karahi","సూపర్ షైన్ ఇరాన్ కరాహీ","सुपर शाइन आयरन कराही","['super shyne iron karahi', 'iron karahi', 'non-stick karahi']"
"","","tapal-danedar-tea-bags","Tapal Danedar Tea Bags","టాపల్ దానేదార్ టీ బ్యాగ్స్","टापल दानेदार चाय के बैग","['tapal', 'danedar', 'tea', 'bags']"
"","","tiger-biscuits","Tiger Biscuits","టైగర్ బిస్కులు","टाइगर बिस्किट्स","['tiger biscuits', 'biscuits']"
"","","tindora-bulk","Tindora Bulk","తిండోరా బ్యాలెన్స్","टिंडोरा बुल्क","tindora, tindora bulk, ivy gourd"
"","","toor-dal","Toor Dal","తూర్పు పప్పు","तूर दाल","['Toor Dal']"
"","","toor-dal-luxmi4lb","Toor Dal Luxmi 4lb","తూర్పు పప్పు లక్ష్మి 4lb","टूर दाल लक्ष्मी 4lb","['toor dal', 'tuvar dal', 'pigeon pea']"
"","","turmeric","Turmeric Powder","Pasupu (పసుపు)","Haldi (हल्दी)","turmeric|haldi|pasupu"
"","","udupi-idli-rava","Udupi Idli Rava","ఉదుపి ఇడ్లీ రవా","उदुपी इडली रवा","udupi idli rava, idli rava, rice rava"
"","","udupi-madras-mix","Udupi Madras Mix","ఉదుపి మద్రాస్ మిక్స్","उदुपी मद्रास मिक्स","udupi mix, madras mix, spice mix"
"","","vatana","vatana","వటానా","वटाना","['green peas']"
"","","yellow-onion","Yellow Onion","పసుపు కంద","पीला प्याज","['yellow onion', 'పసుపు కంద', 'पीला प्याज']"