en,te,hi,keywords,categories,aisle,rack
Royal Brown Basmati Rice,,,,,1,Rack 5
Godavari Sona Masoori Rice,,,,,1,Rack 5
India Gate Basmati Rice,,,,,1,Rack 5
Laxmi Sona Masoori Rice,,,,,1,Rack 5
Laxmi Idli Rice,,,,,1,Rack 5
Laxmi Aged Basmati Rice,,,,,1,Rack 6
Raghav Jeera Samba Rice,,,,,1,Rack 6
Kitchen King Basmati Rice,,,,,1,Rack 6
Tilda Pure Basmati Rice,,,,,1,Rack 6
India Gate Basmati Rice,,,,,1,Rack 6
India Gate Basmati Rice Classic,,,,,1,Rack 6
India Gate Basmati Rice Excel,,,,,1,Rack 6
Meharban Aromatic Kalijira Rice,,,,,1,Rack 7
Lal Qilla Traditional Basmati Rice,,,,,1,Rack 7
Amar Singh Chawal Wala Lal Qilla Brand Basmati Rice,,,,,1,Rack 7
Laxmi Ponni Raw Rice,,,,,1,Rack 7
Laxmi Ponni Boiled Rice,,,,,1,Rack 7
Laxmi Idli Rice,,,,,1,Rack 7
Laxmi Brown Sona Masoori Rice,,,,,1,Rack 7
Laxmi Sona Masoori Rice,,,,,1,Rack 7
Laxmi Sona Masoori Rice,,,,,1,Rack 8
Laxmi Kerala Kuthari Matta Rice,,,,,1,Rack 8
Laxmi Ponni Boiled Rice,,,,,1,Rack 8
Laxmi Ponni Raw Rice,,,,,1,Rack 8
Kurnool Sona Masoori Rice,,,,,1,Rack 8
Himson Blue Nitrile Gloves,,,,,1,Rack 49
Dettol Liquid Antiseptic,,,,,1,Rack 49
Bajaj Almond Drops Hair Oil,,,,,1,Rack 50
Argan Hair Oil,,,,,1,Rack 50
Parachute Black Seed Hair Oil,,,,,1,Rack 50
Parachute Coconut Oil,,,,,1,Rack 51
Navratna Ayurvedic Oil,,,,,1,Rack 52
Parachute Hot Oil,,,,,1,Rack 52
Patanjali Kesh Kanti Hair Oil,,,,,1,Rack 52
Dabur Amla Hair Oil,,,,,1,Rack 53
Keo Karpin Light Hair Oil,,,,,1,Rack 53
Parachute Advansed Hair Oil,,,,,1,Rack 53
Sujata Gold Atta,,,,,1,Rack 54
Royal Chef's Secret Basmati Rice,,,,,1,Rack 1
India Gate Classic Basmati Rice,,,,,1,Rack 1
India Gate Feast Rozzana Basmati Rice,,,,,1,Rack 1
Kohinoor Authentic Basmati Rice,,,,,1,Rack 2
Kohinoor Gold Basmati Rice,,,,,1,Rack 2
Kohinoor Silver Basmati Rice,,,,,1,Rack 2
Kohinoor Platinum Basmati Rice,,,,,1,Rack 2
Royal Chef's Secret Extra Long Basmati Rice,,,,,1,Rack 2
Daawat Basmati Rice,,,,,1,Rack 2
Daawat Traditional Basmati Rice,,,,,1,Rack 2
24 Mantra Organic Sonamasuri Brown Rice,,,,,1,Rack 3
Royal Authentic Basmati Rice,,,,,1,Rack 3
Royal Authentic Brown Basmati Rice,,,,,1,Rack 3
24 Mantra Organic Idly Rice,,,,,1,Rack 3
24 Mantra Organic Ponni Rice,,,,,1,Rack 3
Dunar Elonga Basmati Rice,,,,,1,Rack 3
Swad Gujarat 17 Khichdi Rice,,,,,1,Rack 3
India Gate Sona Masoori Rice,,,,,1,Rack 4
Swetha Telugu Sona Masori Rice,,,,,1,Rack 4
24 Mantra Organic Sonamasuri Rice,,,,,1,Rack 4
Royal Authentic Basmati Rice,,,,,1,Rack 4
Royal Chef's Secret Basmati Rice,,,,,1,Rack 4
Royal Chef's Secret Extra Long Basmati Rice,,,,,1,Rack 1
Daawat Basmati Rice,,,,,1,Rack 1
24 Mantra Organic Brown Basmati Rice,,,,,1,Rack 3
Swetha Telugu Sona Masoori Rice,,,,,1,Rack 4
Royal Chef's Secret Extra Long Grain Basmati Rice,,,,,1,Rack 4
Zafarani Basmati Rice,,,,,1,Rack 9
Lal Qilla Basmati Rice,,,,,1,Rack 9
Double Horse Vadi Matta Rice,,,,,1,Rack 9
Shalimar Empire Basmati Rice,,,,,1,Rack 9
Brown Basmati Rice,,,,,1,Rack 9
Laxmi Low GI Basmati Rice,,,,,1,Rack 9
Raghav Ambe Mohar Rice,,,,,1,Rack 10
Deccan Krishna Kamod Rice,,,,,1,Rack 10
Deccan Dosa Rice,,,,,1,Rack 11
Deccan Surti Kolam Rice,,,,,1,Rack 11
Deccan Jeera Samba Rice,,,,,1,Rack 11
Deccan Indrayani Rice,,,,,1,Rack 11
Sona Masoori Rice,,,,,1,Rack 12
Zebra Brand Basmati Rice,,,,,1,Rack 12
Zebra Brand Basmati Rice (Yellow Bag),,,,,1,Rack 12
Godavari Sona Masoori Rice,,,,,1,Rack 12
Raja Foods Sona Masoori Rice,,,,,1,Rack 12
Laxmi Idli Rice,,,,,1,Rack 12
Aluminum Foil Pans,,,,,1,Rack 23
Ziploc Sandwich Bags,,,,,1,Rack 23
Paper Cups,,,,,1,Rack 23
Dettol Original Handwash,,,,,1,Rack 24
Always Ultra Thin Pads,,,,,1,Rack 24
Tampax Cardboard Box,,,,,1,Rack 24
Tide Liquid Laundry Detergent,,,,,1,Rack 24
Surf Excel Easy Wash Powder,,,,,1,Rack 24
Mysore Sandal Soap,,,,,1,Rack 25
Moti Sandal Soap,,,,,1,Rack 25
Sleek Hot Wax,,,,,1,Rack 25
Veet Professional Wax Strips,,,,,1,Rack 25
Kanti Toothpaste,,,,,1,Rack 26
Vicco Vajradanti Toothpaste,,,,,1,Rack 26
Closeup Toothpaste,,,,,1,Rack 26
Sensodyne Toothpaste,,,,,1,Rack 26
Gold Atta,,,,,1,Rack 27
Jeera Khichiya Cardboard Box,,,,,1,Rack 27
Aashirvaad Whole Wheat Flour,,,,,1,Rack 28
Sher Fiber Wala Whole Wheat Flour,,,,,1,Rack 28
Meera Shampoo,,,,,1,Rack 35
Ziploc Sandwich Bags (480 Pack),,,,,1,Rack 35
Ziploc On-The-Go Protection Sandwich Bags,,,,,1,Rack 35
Scrubbing Bubbles Bathroom Grime Fighter,,,,,1,Rack 36
Glass & Surface Cleaner,,,,,1,Rack 36
Carpet Cleaner,,,,,1,Rack 36
Mighty Sealer,,,,,1,Rack 36
Nupur Henna 9 Herbs,,,,,1,Rack 36
Mamaearth Ubtan Face Wash,,,,,1,Rack 37
Vicco Aloe Vera Face Wash,,,,,1,Rack 37
Vicco Turmeric Face Wash,,,,,1,Rack 37
Patanjali Aloe Vera Gel,,,,,1,Rack 37
Mysore Sandal Soap,,,,,1,Rack 37
Dettol Soap,,,,,1,Rack 38
Pears Pure & Gentle Soap,,,,,1,Rack 38
Lux Soap,,,,,1,Rack 38
Ayur Shampoo,,,,,1,Rack 39
Clinic Plus Shampoo,,,,,1,Rack 39
Himalaya Anti-Hair Fall Shampoo,,,,,1,Rack 39
Listerine Cool Mint Mouthwash,,,,,1,Rack 39
Listerine Total Care Mouthwash,,,,,1,Rack 39
Meswak Toothpaste,,,,,1,Rack 39
Neem Toothpaste,,,,,1,Rack 39
Dabur Red Toothpaste,,,,,1,Rack 39
Parboiled Basmati Rice,,,,,1,Rack 40
Aashirvaad Whole Wheat Flour,,,,,1,Rack 40
Aashirvaad Shudh Chakki Atta,,,,,1,Rack 41
Aashirvaad Whole Wheat Flour,,,,,1,Rack 41
Himson Kraft Grocery Bag #4,,,,,1,Rack 29
Brown Paper Package,,,,,1,Rack 29
Aluminum Foil Pans,,,,,1,Rack 29
Godrej Nupur Henna 100% Pure Henna,,,,,1,Rack 30
Godrej Kali Mehendi,,,,,1,Rack 30
Black Rose Kali Mehendi,,,,,1,Rack 30
Godrej Expert Rich Crème Hair Colour,,,,,1,Rack 30
Floss Picks,,,,,1,Rack 30
Wilkinson Sword Classic Double Edge Blades,,,,,1,Rack 30
Gillette Blue II Razors,,,,,1,Rack 30
Dettol Original Liquid Handwash,,,,,1,Rack 30
Lux Velvet Touch Soap,,,,,1,Rack 31
Santoor Sandal & Turmeric Soap,,,,,1,Rack 31
Dove Cream Beauty Bar,,,,,1,Rack 31
Dove Beauty Cream Bar Original,,,,,1,Rack 31
Dove Pink Beauty Bar,,,,,1,Rack 31
Dove Sensitive Beauty Bar,,,,,1,Rack 31
Dove Men+Care Clean Comfort Face & Body Bar,,,,,1,Rack 31
Pears Pure & Gentle Soap,,,,,1,Rack 31
Colgate Charcoal Clean Toothpaste,,,,,1,Rack 32
Colgate Herbal Toothpaste,,,,,1,Rack 32
Colgate Active Salt Toothpaste,,,,,1,Rack 32
Colgate Strong Teeth Toothpaste,,,,,1,Rack 32
Patanjali Dant Kanti Natural Toothpaste,,,,,1,Rack 32
Aashirvaad Shudh Chakki Atta,,,,,1,Rack 33
Gold Atta,,,,,1,Rack 33
Aashirvaad Whole Wheat Flour,,,,,1,Rack 34
HIMBSON Blue Nitrile Gloves X-Large,,,,,1,Rack 49
Dettol Antiseptic Value Refill,,,,,1,Rack 49
Vatika Argan Enriched Hair Oil,,,,,1,Rack 50
Vatika Black Seed Enriched Hair Oil,,,,,1,Rack 50
Himani Navratna Ayurvedic Oil,,,,,1,Rack 52
Parachute Advansed Hot Oil,,,,,1,Rack 52
Patanjali Kesh Kanti Tel,,,,,1,Rack 52
Dabur Amla Jasmine Hair Oil,,,,,1,Rack 53
Keo Karpin Non-Sticky Hair Oil,,,,,1,Rack 53
Dabur Amla Hair Fall Control Hair Oil,,,,,1,Rack 53
Magic Bins Tall Kitchen Bags 13 Gallon,,,,,1,Rack 42
Ayur Herbal Skin Toner & Astringent (Boxes),,,,,1,Rack 42
Harpic Power Plus 10x Toilet Cleaner,,,,,1,Rack 43
Lattafa Perfumed Body Spray,,,,,1,Rack 43
Enchanteur Perfumed Deo Spray,,,,,1,Rack 43
Dettol Lather Shaving Cream,,,,,1,Rack 44
Axe Deodorant Body Spray,,,,,1,Rack 44
Lattafa Yara Perfume Spray,,,,,1,Rack 44
Rin Detergent Bar,,,,,1,Rack 45
Ayur Cucumber Face Pack,,,,,1,Rack 45
Ayur Rose Face Pack,,,,,1,Rack 45
Ayur Neem Face Pack,,,,,1,Rack 45
Ayur Multani Mitti Face Pack,,,,,1,Rack 45
Cinthol Lime Soap,,,,,1,Rack 45
Cinthol Cool Soap,,,,,1,Rack 45
Cinthol Original Soap,,,,,1,Rack 45
Lifebuoy Total Soap,,,,,1,Rack 45
Reshma Turmeric Soap,,,,,1,Rack 45
Ayur Herbal Shampoo,,,,,1,Rack 46
Meera Herbal Shampoo,,,,,1,Rack 46
Sunsilk Soft & Smooth Shampoo,,,,,1,Rack 46
Sunsilk Stunning Black Shine Shampoo,,,,,1,Rack 46
Sunsilk Lusciously Thick & Long Shampoo,,,,,1,Rack 46
Clinic Plus Strong & Long Shampoo,,,,,1,Rack 46
Laxmi Sona Masoori Rice,,,,,1,Rack 47
Royal Authentic Basmati Rice,,,,,1,Rack 47
Dehraduni Basmati Rice,,,,,1,Rack 47
Sujata Gold Atta,,,,,1,Rack 48
Sujata Chakki Atta,,,,,1,Rack 48
Aashirvaad Atta with Multigrains,,,,,1,Rack 48
Harpic Power Plus Toilet Cleaner,,,,,1,Rack 1
Ziploc Double Zipper Freezer Bags,,,,,1,Rack 1
Vicco Turmeric Skin Cream,,,,,1,Rack 2
Himalaya Purifying Neem Face Wash,,,,,1,Rack 2
Colgate Strong Teeth Toothpaste,,,,,1,Rack 3
Clinic Plus Strong & Long Health Shampoo,,,,,1,Rack 4
Vatika Naturals Shampoo,,,,,1,Rack 4
Aashirvaad Superior MP Atta,,,,,1,Rack 6
Royal Basmati Rice,,,,,1,Rack 3
